translation_id,attribute,category,valence,event_count,weighted_event_count,corpus_words,events_per_10k_words
butcher_lang_1879,able,agency_capacity,unassigned,6,1.7358500000000001,134673,0.4455236016127955
butcher_lang_1879,afraid,affect_state,negative,3,2.579,134673,0.22276180080639774
butcher_lang_1879,aged,appearance_age,unassigned,3,2.1173,134673,0.22276180080639774
butcher_lang_1879,ancient,appearance_age,unassigned,19,11.84255,134673,1.4108247384405188
butcher_lang_1879,angry,affect_state,negative,13,8.94295,134673,0.9653011368277234
butcher_lang_1879,ashen,color_complex,context_dependent,5,3.9243,134673,0.37126966801066286
butcher_lang_1879,base,moral_evaluation,negative,2,1.3134,134673,0.14850786720426515
butcher_lang_1879,beautiful,appearance_age,positive,8,5.8984,134673,0.5940314688170606
butcher_lang_1879,bitter,affect_state,negative,18,13.582699999999999,134673,1.3365708048383864
butcher_lang_1879,black,color_hue,context_dependent,73,62.09715,134673,5.420537152955678
butcher_lang_1879,blameless,moral_evaluation,positive,4,2.14125,134673,0.2970157344085303
butcher_lang_1879,blue,color_hue,context_dependent,3,2.0496999999999996,134673,0.22276180080639774
butcher_lang_1879,bold,behavior_disposition,unassigned,4,3.3681,134673,0.2970157344085303
butcher_lang_1879,boundless,scale_intensity,unassigned,3,2.2725999999999997,134673,0.22276180080639774
butcher_lang_1879,brave,agency_capacity,positive,12,8.8217,134673,0.891047203225591
butcher_lang_1879,brazen,color_material,context_dependent,6,4.6874,134673,0.4455236016127955
butcher_lang_1879,bright,luminosity,positive,24,17.6861,134673,1.782094406451182
butcher_lang_1879,bronze,color_material,context_dependent,46,33.7873,134673,3.415680945698098
butcher_lang_1879,brown,color_hue,context_dependent,1,0.5771,134673,0.07425393360213257
butcher_lang_1879,captain,social_status,unassigned,1,0.7363,134673,0.07425393360213257
butcher_lang_1879,comely,appearance_age,positive,6,4.1232999999999995,134673,0.4455236016127955
butcher_lang_1879,crafty,cognitive_evaluation,unassigned,14,12.543000000000001,134673,1.039555070429856
butcher_lang_1879,cruel,moral_evaluation,negative,8,6.5113,134673,0.5940314688170606
butcher_lang_1879,cunning,cognitive_evaluation,unassigned,11,6.80575,134673,0.8167932696234583
butcher_lang_1879,dark,color_hue,negative,55,43.0476,134673,4.083966348117292
butcher_lang_1879,dark-haired,color_complex,unassigned,1,0.8557,134673,0.07425393360213257
butcher_lang_1879,dauntless,agency_capacity,positive,1,-0.38505,134673,0.07425393360213257
butcher_lang_1879,deep,scale_intensity,unassigned,116,83.49499999999999,134673,8.613456297847378
butcher_lang_1879,dim,luminosity,negative,3,2.0099,134673,0.22276180080639774
butcher_lang_1879,distressed,affect_state,negative,2,1.6915,134673,0.14850786720426515
butcher_lang_1879,divine,moral_evaluation,positive,41,33.1019,134673,3.044411277687435
butcher_lang_1879,endless,scale_intensity,unassigned,2,1.791,134673,0.14850786720426515
butcher_lang_1879,enduring,agency_capacity,positive,1,-0.28855,134673,0.07425393360213257
butcher_lang_1879,evil,moral_evaluation,negative,118,80.03225,134673,8.761964165051642
butcher_lang_1879,fair,appearance_age,positive,205,147.4427,134673,15.222056388437178
butcher_lang_1879,fair-haired,color_complex,unassigned,1,0.9552,134673,0.07425393360213257
butcher_lang_1879,faithful,moral_evaluation,positive,4,1.3034499999999998,134673,0.2970157344085303
butcher_lang_1879,false,moral_evaluation,negative,2,0.28855,134673,0.14850786720426515
butcher_lang_1879,fearful,affect_state,negative,1,-0.4925,134673,0.07425393360213257
butcher_lang_1879,feeble,agency_capacity,negative,2,1.6227999999999998,134673,0.14850786720426515
butcher_lang_1879,fierce,behavior_disposition,unassigned,5,3.8288,134673,0.37126966801066286
butcher_lang_1879,foolish,cognitive_evaluation,negative,5,1.4038999999999997,134673,0.37126966801066286
butcher_lang_1879,free,social_status,unassigned,12,6.6873499999999995,134673,0.891047203225591
butcher_lang_1879,friendly,behavior_disposition,positive,2,1.6955,134673,0.14850786720426515
butcher_lang_1879,gentle,moral_evaluation,positive,21,13.1458,134673,1.559332605644784
butcher_lang_1879,glad,affect_state,positive,48,41.0755,134673,3.564188812902364
butcher_lang_1879,gleaming,luminosity,unassigned,1,0.7363,134673,0.07425393360213257
butcher_lang_1879,glowing,luminosity,unassigned,1,0.8358,134673,0.07425393360213257
butcher_lang_1879,godlike,moral_evaluation,positive,46,36.52465,134673,3.415680945698098
butcher_lang_1879,gold,color_material,context_dependent,27,18.8434,134673,2.0048562072575797
butcher_lang_1879,golden,color_material,context_dependent,45,32.6598,134673,3.341427012095966
butcher_lang_1879,good,moral_evaluation,positive,130,86.095,134673,9.653011368277234
butcher_lang_1879,gray,color_hue,context_dependent,19,14.9093,134673,1.4108247384405188
butcher_lang_1879,gray-eyed,color_complex,unassigned,56,47.707550000000005,134673,4.158220281719424
butcher_lang_1879,great,scale_intensity,unassigned,201,148.811,134673,14.925040654028647
butcher_lang_1879,greedy,behavior_disposition,negative,1,0.9552,134673,0.07425393360213257
butcher_lang_1879,green,color_hue,context_dependent,3,2.0656,134673,0.22276180080639774
butcher_lang_1879,guileful,cognitive_evaluation,negative,7,6.1850000000000005,134673,0.519777535214928
butcher_lang_1879,guiltless,moral_evaluation,positive,3,1.7312999999999998,134673,0.22276180080639774
butcher_lang_1879,happy,affect_state,unassigned,5,4.0427,134673,0.37126966801066286
butcher_lang_1879,helpless,agency_capacity,negative,2,1.8706,134673,0.14850786720426515
butcher_lang_1879,high,scale_intensity,unassigned,80,61.8085,134673,5.940314688170606
butcher_lang_1879,holy,moral_evaluation,positive,9,7.5551,134673,0.6682854024191932
butcher_lang_1879,honest,moral_evaluation,positive,1,-0.28855,134673,0.07425393360213257
butcher_lang_1879,hospitable,behavior_disposition,positive,8,6.7451,134673,0.5940314688170606
butcher_lang_1879,huge,scale_intensity,unassigned,7,4.607799999999999,134673,0.519777535214928
butcher_lang_1879,impious,moral_evaluation,negative,1,0.8856,134673,0.07425393360213257
butcher_lang_1879,insolent,behavior_disposition,negative,1,0.8856,134673,0.07425393360213257
butcher_lang_1879,joyful,affect_state,positive,1,0.8597,134673,0.07425393360213257
butcher_lang_1879,just,moral_evaluation,positive,9,1.24825,134673,0.6682854024191932
butcher_lang_1879,keen,cognitive_evaluation,positive,5,3.192,134673,0.37126966801066286
butcher_lang_1879,kind,moral_evaluation,positive,7,3.0387,134673,0.519777535214928
butcher_lang_1879,kingly,social_status,unassigned,2,0.48755000000000004,134673,0.14850786720426515
butcher_lang_1879,lawless,moral_evaluation,negative,4,2.0228,134673,0.2970157344085303
butcher_lang_1879,little,scale_intensity,unassigned,19,13.15475,134673,1.4108247384405188
butcher_lang_1879,long,scale_intensity,unassigned,123,68.0526,134673,9.133233833062306
butcher_lang_1879,lordly,social_status,unassigned,33,22.70355,134673,2.450379808870375
butcher_lang_1879,lovely,appearance_age,positive,9,5.9899,134673,0.6682854024191932
butcher_lang_1879,low,scale_intensity,unassigned,9,7.5302,134673,0.6682854024191932
butcher_lang_1879,loyal,moral_evaluation,positive,1,0.6368,134673,0.07425393360213257
butcher_lang_1879,mighty,scale_intensity,positive,82,61.45845,134673,6.08882255537487
butcher_lang_1879,murky,luminosity,negative,1,0.9552,134673,0.07425393360213257
butcher_lang_1879,narrow,scale_intensity,unassigned,1,0.5771,134673,0.07425393360213257
butcher_lang_1879,noble,moral_evaluation,positive,71,51.52455,134673,5.2720292857514135
butcher_lang_1879,old,appearance_age,unassigned,132,95.6032,134673,9.8015192354815
butcher_lang_1879,patient,affect_state,positive,4,3.4109,134673,0.2970157344085303
butcher_lang_1879,peaceful,behavior_disposition,positive,1,-0.4179,134673,0.07425393360213257
butcher_lang_1879,princely,social_status,unassigned,4,3.7014,134673,0.2970157344085303
butcher_lang_1879,prudent,cognitive_evaluation,positive,5,4.5114,134673,0.37126966801066286
butcher_lang_1879,purple,color_hue,context_dependent,12,5.9201999999999995,134673,0.891047203225591
butcher_lang_1879,raging,affect_state,negative,1,0.9552,134673,0.07425393360213257
butcher_lang_1879,reckless,behavior_disposition,negative,2,1.5323,134673,0.14850786720426515
butcher_lang_1879,red,color_hue,context_dependent,10,9.4565,134673,0.7425393360213257
butcher_lang_1879,righteous,moral_evaluation,positive,6,5.2894000000000005,134673,0.4455236016127955
butcher_lang_1879,rosy,color_complex,context_dependent,1,0.8358,134673,0.07425393360213257
butcher_lang_1879,rosy-fingered,color_complex,unassigned,21,17.8683,134673,1.559332605644784
butcher_lang_1879,royal,social_status,unassigned,1,0.9552,134673,0.07425393360213257
butcher_lang_1879,ruddy,color_hue,context_dependent,1,0.5771,134673,0.07425393360213257
butcher_lang_1879,sacred,moral_evaluation,positive,12,7.1749,134673,0.891047203225591
butcher_lang_1879,sad,affect_state,negative,2,1.8149000000000002,134673,0.14850786720426515
butcher_lang_1879,savage,behavior_disposition,negative,2,1.8149000000000002,134673,0.14850786720426515
butcher_lang_1879,scarlet,color_hue,context_dependent,1,0.5771,134673,0.07425393360213257
butcher_lang_1879,senseless,cognitive_evaluation,negative,2,0.27459999999999996,134673,0.14850786720426515
butcher_lang_1879,shameless,moral_evaluation,negative,11,9.4326,134673,0.8167932696234583
butcher_lang_1879,shining,luminosity,positive,31,17.56175,134673,2.3018719416661098
butcher_lang_1879,shrewd,cognitive_evaluation,positive,1,0.9552,134673,0.07425393360213257
butcher_lang_1879,silver,color_material,context_dependent,24,16.21455,134673,1.782094406451182
butcher_lang_1879,small,appearance_age,unassigned,7,2.9700999999999995,134673,0.519777535214928
butcher_lang_1879,sorrowful,affect_state,negative,5,4.1262,134673,0.37126966801066286
butcher_lang_1879,splendid,luminosity,positive,9,6.3959,134673,0.6682854024191932
butcher_lang_1879,steadfast,behavior_disposition,positive,54,44.32735,134673,4.0097124145151595
butcher_lang_1879,strong,agency_capacity,positive,41,27.9833,134673,3.044411277687435
butcher_lang_1879,subtle,cognitive_evaluation,unassigned,2,1.5720999999999998,134673,0.14850786720426515
butcher_lang_1879,tall,appearance_age,unassigned,21,15.4314,134673,1.559332605644784
butcher_lang_1879,tireless,agency_capacity,positive,1,0.7701,134673,0.07425393360213257
butcher_lang_1879,trusty,moral_evaluation,positive,3,2.5751,134673,0.22276180080639774
butcher_lang_1879,unjust,moral_evaluation,negative,4,2.7163,134673,0.2970157344085303
butcher_lang_1879,valiant,agency_capacity,positive,9,6.0278,134673,0.6682854024191932
butcher_lang_1879,vast,scale_intensity,unassigned,2,1.791,134673,0.14850786720426515
butcher_lang_1879,vermilion,color_hue,context_dependent,1,-0.36815,134673,0.07425393360213257
butcher_lang_1879,violent,behavior_disposition,negative,1,0.9552,134673,0.07425393360213257
butcher_lang_1879,violet,color_hue,context_dependent,2,1.4726,134673,0.14850786720426515
butcher_lang_1879,wanton,behavior_disposition,negative,5,2.8696,134673,0.37126966801066286
butcher_lang_1879,warlike,behavior_disposition,unassigned,2,1.8109000000000002,134673,0.14850786720426515
butcher_lang_1879,weary,affect_state,negative,5,-0.11935000000000007,134673,0.37126966801066286
butcher_lang_1879,white,color_hue,context_dependent,39,26.103849999999998,134673,2.8959034104831702
butcher_lang_1879,wide,scale_intensity,unassigned,63,46.5642,134673,4.677997816934352
butcher_lang_1879,wine-dark,color_complex,unassigned,12,10.3164,134673,0.891047203225591
butcher_lang_1879,wise,cognitive_evaluation,positive,199,137.17065,134673,14.776532786824383
butcher_lang_1879,woeful,affect_state,negative,4,1.2536999999999998,134673,0.2970157344085303
butcher_lang_1879,wrathful,affect_state,negative,1,0.8865,134673,0.07425393360213257
butcher_lang_1879,yellow,color_hue,context_dependent,3,2.3681,134673,0.22276180080639774
butcher_lang_1879,young,appearance_age,unassigned,35,27.62905,134673,2.59888767607464
butler_1900,able,agency_capacity,unassigned,23,11.277899999999999,117320,1.9604500511421754
butler_1900,afraid,affect_state,negative,13,7.6764,117320,1.1080804636890556
butler_1900,aged,appearance_age,unassigned,3,2.1691,117320,0.2557108762359359
butler_1900,angry,affect_state,negative,35,21.0289,117320,2.983293556085919
butler_1900,anxious,affect_state,negative,4,1.7801,117320,0.34094783498124787
butler_1900,ashen,color_complex,context_dependent,1,0.5771,117320,0.08523695874531197
butler_1900,base,moral_evaluation,negative,1,0.5771,117320,0.08523695874531197
butler_1900,beautiful,appearance_age,positive,20,12.65735,117320,1.7047391749062393
butler_1900,bitter,affect_state,negative,6,5.2276,117320,0.5114217524718718
butler_1900,black,color_hue,context_dependent,12,10.4465,117320,1.0228435049437437
butler_1900,blameless,moral_evaluation,positive,1,0.8865,117320,0.08523695874531197
butler_1900,blue,color_hue,context_dependent,7,5.8308,117320,0.5966587112171838
butler_1900,bold,behavior_disposition,unassigned,1,0.8597,117320,0.08523695874531197
butler_1900,brave,agency_capacity,positive,30,24.0353,117320,2.5571087623593587
butler_1900,bright,luminosity,positive,1,0.8597,117320,0.08523695874531197
butler_1900,brilliant,luminosity,positive,1,0.9552,117320,0.08523695874531197
butler_1900,bronze,color_material,context_dependent,22,16.7538,117320,1.8752130923968633
butler_1900,captain,social_status,unassigned,5,4.0437,117320,0.4261847937265598
butler_1900,chieftain,social_status,unassigned,2,1.592,117320,0.17047391749062393
butler_1900,clever,cognitive_evaluation,positive,3,1.65165,117320,0.2557108762359359
butler_1900,comely,appearance_age,positive,7,5.367,117320,0.5966587112171838
butler_1900,copper,color_material,context_dependent,1,0.9552,117320,0.08523695874531197
butler_1900,crafty,cognitive_evaluation,unassigned,3,2.5173,117320,0.2557108762359359
butler_1900,crimson,color_hue,context_dependent,1,0.5771,117320,0.08523695874531197
butler_1900,cruel,moral_evaluation,negative,10,7.5032,117320,0.8523695874531196
butler_1900,cunning,cognitive_evaluation,unassigned,12,9.34,117320,1.0228435049437437
butler_1900,dark,color_hue,negative,22,17.10795,117320,1.8752130923968633
butler_1900,deep,scale_intensity,unassigned,22,17.1847,117320,1.8752130923968633
butler_1900,despairing,affect_state,negative,1,0.5771,117320,0.08523695874531197
butler_1900,dim,luminosity,negative,1,0.8358,117320,0.08523695874531197
butler_1900,distressed,affect_state,negative,2,1.9402,117320,0.17047391749062393
butler_1900,divine,moral_evaluation,positive,7,5.0089,117320,0.5966587112171838
butler_1900,endless,scale_intensity,unassigned,1,0.5771,117320,0.08523695874531197
butler_1900,evil,moral_evaluation,negative,16,10.44845,117320,1.3637913399249915
butler_1900,fair,appearance_age,positive,44,31.85685,117320,3.7504261847937266
butler_1900,fair-haired,color_complex,unassigned,1,0.9552,117320,0.08523695874531197
butler_1900,faithful,moral_evaluation,positive,3,2.2925,117320,0.2557108762359359
butler_1900,false,moral_evaluation,negative,3,2.6746,117320,0.2557108762359359
butler_1900,fearful,affect_state,negative,2,1.4367999999999999,117320,0.17047391749062393
butler_1900,feeble,agency_capacity,negative,3,2.1391999999999998,117320,0.2557108762359359
butler_1900,fierce,behavior_disposition,unassigned,5,4.1382,117320,0.4261847937265598
butler_1900,foolish,cognitive_evaluation,negative,5,0.9700999999999997,117320,0.4261847937265598
butler_1900,free,social_status,unassigned,11,6.6465499999999995,117320,0.9376065461984316
butler_1900,friendly,behavior_disposition,positive,3,1.3522,117320,0.2557108762359359
butler_1900,furious,affect_state,negative,11,7.706049999999999,117320,0.9376065461984316
butler_1900,glad,affect_state,positive,25,19.66675,117320,2.130923968632799
butler_1900,glittering,luminosity,unassigned,2,1.1542,117320,0.17047391749062393
butler_1900,glowing,luminosity,unassigned,1,0.7363,117320,0.08523695874531197
butler_1900,gold,color_material,context_dependent,30,19.1537,117320,2.5571087623593587
butler_1900,golden,color_material,context_dependent,26,16.7319,117320,2.216160927378111
butler_1900,good,moral_evaluation,positive,134,87.78,117320,11.421752471871804
butler_1900,gray,color_hue,context_dependent,10,8.7958,117320,0.8523695874531196
butler_1900,gray-eyed,color_complex,unassigned,1,0.8865,117320,0.08523695874531197
butler_1900,great,scale_intensity,unassigned,136,98.8001,117320,11.592226389362429
butler_1900,green,color_hue,context_dependent,4,2.4676,117320,0.34094783498124787
butler_1900,grieving,affect_state,unassigned,6,1.8955499999999998,117320,0.5114217524718718
butler_1900,guiltless,moral_evaluation,positive,2,1.8706,117320,0.17047391749062393
butler_1900,handsome,appearance_age,positive,6,4.1193,117320,0.5114217524718718
butler_1900,happy,affect_state,unassigned,8,5.371,117320,0.6818956699624957
butler_1900,high,scale_intensity,unassigned,29,18.00825,117320,2.471871803614047
butler_1900,holy,moral_evaluation,positive,4,3.5024,117320,0.34094783498124787
butler_1900,honest,moral_evaluation,positive,1,-0.4428,117320,0.08523695874531197
butler_1900,hospitable,behavior_disposition,positive,3,1.7312999999999998,117320,0.2557108762359359
butler_1900,huge,scale_intensity,unassigned,9,6.2277,117320,0.7671326287078077
butler_1900,insolent,behavior_disposition,negative,8,6.8812,117320,0.6818956699624957
butler_1900,intelligent,cognitive_evaluation,positive,1,0.5771,117320,0.08523695874531197
butler_1900,joyful,affect_state,positive,1,0.5771,117320,0.08523695874531197
butler_1900,just,moral_evaluation,positive,53,37.0039,117320,4.517558813501534
butler_1900,keen,cognitive_evaluation,positive,4,2.388,117320,0.34094783498124787
butler_1900,kind,moral_evaluation,positive,36,20.38075,117320,3.068530514831231
butler_1900,knowing,cognitive_evaluation,positive,1,0.7363,117320,0.08523695874531197
butler_1900,lawless,moral_evaluation,negative,3,2.7701000000000002,117320,0.2557108762359359
butler_1900,little,scale_intensity,unassigned,23,15.9706,117320,1.9604500511421754
butler_1900,long,scale_intensity,unassigned,104,74.56865,117320,8.864643709512444
butler_1900,lordly,social_status,unassigned,2,1.5323,117320,0.17047391749062393
butler_1900,lovely,appearance_age,positive,10,6.93515,117320,0.8523695874531196
butler_1900,low,scale_intensity,unassigned,7,4.35215,117320,0.5966587112171838
butler_1900,loyal,moral_evaluation,positive,2,1.9104,117320,0.17047391749062393
butler_1900,melancholy,affect_state,negative,4,2.7462,117320,0.34094783498124787
butler_1900,mighty,scale_intensity,positive,13,10.567,117320,1.1080804636890556
butler_1900,narrow,scale_intensity,unassigned,5,4.0893999999999995,117320,0.4261847937265598
butler_1900,noble,moral_evaluation,positive,29,22.43845,117320,2.471871803614047
butler_1900,old,appearance_age,unassigned,121,81.3579,117320,10.313672008182747
butler_1900,patient,affect_state,positive,1,0.985,117320,0.08523695874531197
butler_1900,peaceful,behavior_disposition,positive,1,0.8597,117320,0.08523695874531197
butler_1900,powerful,agency_capacity,positive,3,2.5751,117320,0.2557108762359359
butler_1900,purple,color_hue,context_dependent,6,4.0895,117320,0.5114217524718718
butler_1900,raging,affect_state,negative,2,1.7212999999999998,117320,0.17047391749062393
butler_1900,red,color_hue,context_dependent,4,2.6864999999999997,117320,0.34094783498124787
butler_1900,righteous,moral_evaluation,positive,1,0.5771,117320,0.08523695874531197
butler_1900,rosy-fingered,color_complex,unassigned,21,18.0258,117320,1.7899761336515514
butler_1900,royal,social_status,unassigned,1,-0.36815,117320,0.08523695874531197
butler_1900,sacred,moral_evaluation,positive,2,1.5232999999999999,117320,0.17047391749062393
butler_1900,sad,affect_state,negative,6,5.2337,117320,0.5114217524718718
butler_1900,savage,behavior_disposition,negative,9,5.4068499999999995,117320,0.7671326287078077
butler_1900,shameless,moral_evaluation,negative,2,1.6915,117320,0.17047391749062393
butler_1900,shining,luminosity,positive,1,0.8597,117320,0.08523695874531197
butler_1900,shrewd,cognitive_evaluation,positive,1,0.5771,117320,0.08523695874531197
butler_1900,silver,color_material,context_dependent,15,9.353,117320,1.2785543811796793
butler_1900,small,appearance_age,unassigned,7,4.9859,117320,0.5966587112171838
butler_1900,sorrowful,affect_state,negative,1,0.9552,117320,0.08523695874531197
butler_1900,splendid,luminosity,positive,5,3.7353,117320,0.4261847937265598
butler_1900,strong,agency_capacity,positive,22,12.208649999999999,117320,1.8752130923968633
butler_1900,subtle,cognitive_evaluation,unassigned,1,-0.28855,117320,0.08523695874531197
butler_1900,tall,appearance_age,unassigned,8,3.9381,117320,0.6818956699624957
butler_1900,unhappy,affect_state,negative,16,11.83045,117320,1.3637913399249915
butler_1900,unjust,moral_evaluation,negative,1,0.5771,117320,0.08523695874531197
butler_1900,valiant,agency_capacity,positive,9,5.92615,117320,0.7671326287078077
butler_1900,vast,scale_intensity,unassigned,2,1.1542,117320,0.17047391749062393
butler_1900,weak,agency_capacity,negative,3,1.3522,117320,0.2557108762359359
butler_1900,weary,affect_state,negative,4,3.5343,117320,0.34094783498124787
butler_1900,white,color_hue,context_dependent,12,7.7212,117320,1.0228435049437437
butler_1900,wicked,moral_evaluation,negative,24,20.1249,117320,2.0456870098874873
butler_1900,wide,scale_intensity,unassigned,2,1.5621,117320,0.17047391749062393
butler_1900,wily,cognitive_evaluation,unassigned,1,-0.4428,117320,0.08523695874531197
butler_1900,wise,cognitive_evaluation,positive,12,6.0277,117320,1.0228435049437437
butler_1900,yellow,color_hue,context_dependent,3,2.1391999999999998,117320,0.2557108762359359
butler_1900,young,appearance_age,unassigned,62,44.82165,117320,5.284691442209342
chapman_1616,able,agency_capacity,unassigned,4,2.9392,133440,0.2997601918465228
chapman_1616,afraid,affect_state,negative,2,1.1542,133440,0.1498800959232614
chapman_1616,aged,appearance_age,unassigned,17,12.5768,133440,1.273980815347722
chapman_1616,ancient,appearance_age,unassigned,2,1.8109000000000002,133440,0.1498800959232614
chapman_1616,angry,affect_state,negative,15,11.741,133440,1.1241007194244605
chapman_1616,ashen,color_complex,context_dependent,1,0.5771,133440,0.0749400479616307
chapman_1616,base,moral_evaluation,negative,12,7.48035,133440,0.8992805755395684
chapman_1616,bitter,affect_state,negative,21,15.4901,133440,1.5737410071942444
chapman_1616,black,color_hue,context_dependent,30,23.5587,133440,2.248201438848921
chapman_1616,blameless,moral_evaluation,positive,3,2.2885,133440,0.2248201438848921
chapman_1616,blue,color_hue,context_dependent,6,4.1074,133440,0.4496402877697842
chapman_1616,bold,behavior_disposition,unassigned,25,17.04035,133440,1.8735011990407673
chapman_1616,boundless,scale_intensity,unassigned,2,1.4965000000000002,133440,0.1498800959232614
chapman_1616,brave,agency_capacity,positive,21,15.44235,133440,1.5737410071942444
chapman_1616,brazen,color_material,context_dependent,3,2.4188,133440,0.2248201438848921
chapman_1616,bright,luminosity,positive,29,21.764599999999998,133440,2.17326139088729
chapman_1616,brown,color_hue,context_dependent,1,0.5771,133440,0.0749400479616307
chapman_1616,captain,social_status,unassigned,2,1.1542,133440,0.1498800959232614
chapman_1616,cheerful,affect_state,positive,8,6.5034,133440,0.5995203836930456
chapman_1616,comely,appearance_age,positive,2,1.1542,133440,0.1498800959232614
chapman_1616,crafty,cognitive_evaluation,unassigned,4,2.8616,133440,0.2997601918465228
chapman_1616,cruel,moral_evaluation,negative,20,14.7609,133440,1.498800959232614
chapman_1616,cunning,cognitive_evaluation,unassigned,6,2.75615,133440,0.4496402877697842
chapman_1616,dark,color_hue,negative,18,14.935,133440,1.3489208633093526
chapman_1616,deceitful,behavior_disposition,negative,1,0.8597,133440,0.0749400479616307
chapman_1616,deep,scale_intensity,unassigned,29,21.0523,133440,2.17326139088729
chapman_1616,dim,luminosity,negative,3,2.388,133440,0.2248201438848921
chapman_1616,divine,moral_evaluation,positive,75,59.8454,133440,5.620503597122302
chapman_1616,endless,scale_intensity,unassigned,7,5.4326,133440,0.5245803357314148
chapman_1616,enduring,agency_capacity,positive,1,0.5771,133440,0.0749400479616307
chapman_1616,fair,appearance_age,positive,147,100.20649999999999,133440,11.016187050359711
chapman_1616,faithful,moral_evaluation,positive,1,0.5771,133440,0.0749400479616307
chapman_1616,false,moral_evaluation,negative,8,5.7511,133440,0.5995203836930456
chapman_1616,fearful,affect_state,negative,2,1.2139,133440,0.1498800959232614
chapman_1616,feeble,agency_capacity,negative,1,0.5771,133440,0.0749400479616307
chapman_1616,fierce,behavior_disposition,unassigned,10,6.4575499999999995,133440,0.749400479616307
chapman_1616,foolish,cognitive_evaluation,negative,8,5.788,133440,0.5995203836930456
chapman_1616,free,social_status,unassigned,71,49.6463,133440,5.320743405275779
chapman_1616,friendly,behavior_disposition,positive,7,5.7093,133440,0.5245803357314148
chapman_1616,gentle,moral_evaluation,positive,7,4.77805,133440,0.5245803357314148
chapman_1616,glad,affect_state,positive,10,6.566999999999999,133440,0.749400479616307
chapman_1616,glittering,luminosity,unassigned,1,0.5771,133440,0.0749400479616307
chapman_1616,glowing,luminosity,unassigned,1,0.9552,133440,0.0749400479616307
chapman_1616,gold,color_material,context_dependent,37,25.2292,133440,2.7727817745803356
chapman_1616,golden,color_material,context_dependent,32,20.91695,133440,2.3980815347721824
chapman_1616,good,moral_evaluation,positive,149,87.99025,133440,11.166067146282973
chapman_1616,gray,color_hue,context_dependent,4,3.8208,133440,0.2997601918465228
chapman_1616,gray-eyed,color_complex,unassigned,7,5.7312,133440,0.5245803357314148
chapman_1616,great,scale_intensity,unassigned,150,110.13645,133440,11.241007194244604
chapman_1616,greedy,behavior_disposition,negative,1,0.5771,133440,0.0749400479616307
chapman_1616,green,color_hue,context_dependent,6,4.4218,133440,0.4496402877697842
chapman_1616,guiltless,moral_evaluation,positive,3,2.2069,133440,0.2248201438848921
chapman_1616,happy,affect_state,unassigned,6,3.17805,133440,0.4496402877697842
chapman_1616,helpless,agency_capacity,negative,1,0.9552,133440,0.0749400479616307
chapman_1616,high,scale_intensity,unassigned,87,64.57435,133440,6.519784172661871
chapman_1616,holy,moral_evaluation,positive,7,5.1739999999999995,133440,0.5245803357314148
chapman_1616,honest,moral_evaluation,positive,8,4.9153,133440,0.5995203836930456
chapman_1616,hopeful,affect_state,positive,1,0.5771,133440,0.0749400479616307
chapman_1616,hospitable,behavior_disposition,positive,13,8.75995,133440,0.974220623501199
chapman_1616,huge,scale_intensity,unassigned,32,23.080099999999998,133440,2.3980815347721824
chapman_1616,immense,scale_intensity,unassigned,1,0.7363,133440,0.0749400479616307
chapman_1616,impious,moral_evaluation,negative,10,6.76805,133440,0.749400479616307
chapman_1616,insolent,behavior_disposition,negative,3,1.3134000000000001,133440,0.2248201438848921
chapman_1616,joyful,affect_state,positive,3,1.8904999999999998,133440,0.2248201438848921
chapman_1616,just,moral_evaluation,positive,42,28.58195,133440,3.1474820143884887
chapman_1616,keen,cognitive_evaluation,positive,5,3.8308,133440,0.3747002398081535
chapman_1616,kind,moral_evaluation,positive,47,29.05895,133440,3.5221822541966428
chapman_1616,kingly,social_status,unassigned,2,0.6666500000000001,133440,0.1498800959232614
chapman_1616,knowing,cognitive_evaluation,positive,14,8.76395,133440,1.0491606714628297
chapman_1616,lawless,moral_evaluation,negative,1,0.9552,133440,0.0749400479616307
chapman_1616,little,scale_intensity,unassigned,28,19.458199999999998,133440,2.0983213429256593
chapman_1616,long,scale_intensity,unassigned,117,73.7582,133440,8.767985611510792
chapman_1616,lovely,appearance_age,positive,11,6.3241499999999995,133440,0.8243405275779377
chapman_1616,low,scale_intensity,unassigned,10,6.16355,133440,0.749400479616307
chapman_1616,mighty,scale_intensity,positive,41,29.003149999999998,133440,3.0725419664268583
chapman_1616,mournful,affect_state,negative,2,1.9104,133440,0.1498800959232614
chapman_1616,narrow,scale_intensity,unassigned,3,1.8904999999999998,133440,0.2248201438848921
chapman_1616,noble,moral_evaluation,positive,14,8.0375,133440,1.0491606714628297
chapman_1616,old,appearance_age,unassigned,107,73.98035,133440,8.018585131894485
chapman_1616,patient,affect_state,positive,9,7.6456,133440,0.6744604316546763
chapman_1616,peaceful,behavior_disposition,positive,1,0.5771,133440,0.0749400479616307
chapman_1616,pious,moral_evaluation,positive,9,4.3938500000000005,133440,0.6744604316546763
chapman_1616,prudent,cognitive_evaluation,positive,1,0.8597,133440,0.0749400479616307
chapman_1616,purple,color_hue,context_dependent,13,8.959,133440,0.974220623501199
chapman_1616,raging,affect_state,negative,3,2.6467,133440,0.2248201438848921
chapman_1616,red,color_hue,context_dependent,9,6.503299999999999,133440,0.6744604316546763
chapman_1616,resolute,agency_capacity,positive,1,0.5771,133440,0.0749400479616307
chapman_1616,righteous,moral_evaluation,positive,1,-0.42985,133440,0.0749400479616307
chapman_1616,rosy,color_complex,context_dependent,2,1.1542,133440,0.1498800959232614
chapman_1616,royal,social_status,unassigned,25,17.0792,133440,1.8735011990407673
chapman_1616,ruddy,color_hue,context_dependent,7,4.9312000000000005,133440,0.5245803357314148
chapman_1616,ruthless,behavior_disposition,negative,1,0.7363,133440,0.0749400479616307
chapman_1616,sable,color_hue,context_dependent,12,9.2336,133440,0.8992805755395684
chapman_1616,sacred,moral_evaluation,positive,64,46.9989,133440,4.796163069544365
chapman_1616,sad,affect_state,negative,36,25.57955,133440,2.697841726618705
chapman_1616,savage,behavior_disposition,negative,1,0.5771,133440,0.0749400479616307
chapman_1616,servile,social_status,unassigned,2,1.6566,133440,0.1498800959232614
chapman_1616,shameless,moral_evaluation,negative,3,2.4486,133440,0.2248201438848921
chapman_1616,shining,luminosity,positive,3,1.7312999999999998,133440,0.2248201438848921
chapman_1616,shrewd,cognitive_evaluation,positive,2,1.4367999999999999,133440,0.1498800959232614
chapman_1616,silver,color_material,context_dependent,25,15.963799999999999,133440,1.8735011990407673
chapman_1616,small,appearance_age,unassigned,11,2.9353000000000002,133440,0.8243405275779377
chapman_1616,strong,agency_capacity,positive,41,27.79825,133440,3.0725419664268583
chapman_1616,stubborn,behavior_disposition,unassigned,5,3.6417,133440,0.3747002398081535
chapman_1616,subtle,cognitive_evaluation,unassigned,2,1.3134,133440,0.1498800959232614
chapman_1616,tall,appearance_age,unassigned,2,1.5621,133440,0.1498800959232614
chapman_1616,ugly,appearance_age,negative,1,0.5771,133440,0.0749400479616307
chapman_1616,unhappy,affect_state,negative,15,10.4663,133440,1.1241007194244605
chapman_1616,unjust,moral_evaluation,negative,10,5.25955,133440,0.749400479616307
chapman_1616,unwise,cognitive_evaluation,negative,4,2.6426999999999996,133440,0.2997601918465228
chapman_1616,valiant,agency_capacity,positive,2,1.4129,133440,0.1498800959232614
chapman_1616,vast,scale_intensity,unassigned,13,8.149049999999999,133440,0.974220623501199
chapman_1616,vermilion,color_hue,context_dependent,1,0.9552,133440,0.0749400479616307
chapman_1616,violent,behavior_disposition,negative,10,6.2088,133440,0.749400479616307
chapman_1616,virtuous,moral_evaluation,positive,2,1.1542,133440,0.1498800959232614
chapman_1616,wanton,behavior_disposition,negative,1,-0.4776,133440,0.0749400479616307
chapman_1616,weak,agency_capacity,negative,6,2.5273,133440,0.4496402877697842
chapman_1616,weary,affect_state,negative,4,2.5671,133440,0.2997601918465228
chapman_1616,white,color_hue,context_dependent,24,16.5449,133440,1.7985611510791368
chapman_1616,wicked,moral_evaluation,negative,3,2.7661000000000002,133440,0.2248201438848921
chapman_1616,wide,scale_intensity,unassigned,6,5.3929,133440,0.4496402877697842
chapman_1616,wise,cognitive_evaluation,positive,81,53.8724,133440,6.070143884892086
chapman_1616,woeful,affect_state,negative,2,1.4129,133440,0.1498800959232614
chapman_1616,yellow,color_hue,context_dependent,3,2.5711,133440,0.2248201438848921
chapman_1616,young,appearance_age,unassigned,47,32.0288,133440,3.5221822541966428
cowper_1791,able,agency_capacity,unassigned,4,2.3880500000000002,109201,0.36629701193212516
cowper_1791,afraid,affect_state,negative,1,-0.3985,109201,0.09157425298303129
cowper_1791,aged,appearance_age,unassigned,1,0.5771,109201,0.09157425298303129
cowper_1791,ancient,appearance_age,unassigned,30,22.8512,109201,2.747227589490939
cowper_1791,angry,affect_state,negative,7,3.91625,109201,0.6410197708812191
cowper_1791,anxious,affect_state,negative,12,9.227599999999999,109201,1.0988910357963755
cowper_1791,ashen,color_complex,context_dependent,4,2.6864999999999997,109201,0.36629701193212516
cowper_1791,base,moral_evaluation,negative,11,6.8297,109201,1.0073167828133442
cowper_1791,beautiful,appearance_age,positive,5,2.37405,109201,0.45787126491515645
cowper_1791,bitter,affect_state,negative,6,3.9799999999999995,109201,0.5494455178981877
cowper_1791,black,color_hue,context_dependent,7,5.5083,109201,0.6410197708812191
cowper_1791,blameless,moral_evaluation,positive,2,0.14924999999999994,109201,0.18314850596606258
cowper_1791,blue,color_hue,context_dependent,7,5.9302,109201,0.6410197708812191
cowper_1791,bold,behavior_disposition,unassigned,16,10.7142,109201,1.4651880477285006
cowper_1791,boundless,scale_intensity,unassigned,6,5.412800000000001,109201,0.5494455178981877
cowper_1791,brave,agency_capacity,positive,48,36.0628,109201,4.395564143185502
cowper_1791,brazen,color_material,context_dependent,18,14.1887,109201,1.6483365536945631
cowper_1791,bright,luminosity,positive,48,34.18025,109201,4.395564143185502
cowper_1791,cheerful,affect_state,positive,1,0.5771,109201,0.09157425298303129
cowper_1791,chieftain,social_status,unassigned,1,0.5771,109201,0.09157425298303129
cowper_1791,courageous,agency_capacity,positive,4,2.37805,109201,0.36629701193212516
cowper_1791,crimson,color_hue,context_dependent,6,1.3213500000000002,109201,0.5494455178981877
cowper_1791,cruel,moral_evaluation,negative,8,6.9859,109201,0.7325940238642503
cowper_1791,dark,color_hue,negative,17,14.4594,109201,1.556762300711532
cowper_1791,dauntless,agency_capacity,positive,7,4.4715,109201,0.6410197708812191
cowper_1791,dazzling,luminosity,unassigned,1,0.8557,109201,0.09157425298303129
cowper_1791,deep,scale_intensity,unassigned,160,114.82145,109201,14.651880477285006
cowper_1791,despairing,affect_state,negative,2,1.1542,109201,0.18314850596606258
cowper_1791,dim,luminosity,negative,2,1.4129,109201,0.18314850596606258
cowper_1791,divine,moral_evaluation,positive,53,38.10945,109201,4.853435408100658
cowper_1791,dusky,luminosity,context_dependent,8,5.8148,109201,0.7325940238642503
cowper_1791,enduring,agency_capacity,positive,3,2.2487,109201,0.27472275894909387
cowper_1791,evil,moral_evaluation,negative,9,5.16405,109201,0.8241682768472816
cowper_1791,fair,appearance_age,positive,61,39.62095,109201,5.586029431964909
cowper_1791,faithful,moral_evaluation,positive,9,5.5421499999999995,109201,0.8241682768472816
cowper_1791,false,moral_evaluation,negative,1,-0.4179,109201,0.09157425298303129
cowper_1791,fearful,affect_state,negative,1,0.8358,109201,0.09157425298303129
cowper_1791,fierce,behavior_disposition,unassigned,10,6.45155,109201,0.9157425298303129
cowper_1791,foolish,cognitive_evaluation,negative,1,0.5771,109201,0.09157425298303129
cowper_1791,free,social_status,unassigned,9,7.0625,109201,0.8241682768472816
cowper_1791,friendly,behavior_disposition,positive,3,1.12435,109201,0.27472275894909387
cowper_1791,furious,affect_state,negative,5,2.8437,109201,0.45787126491515645
cowper_1791,generous,behavior_disposition,positive,3,2.4875,109201,0.27472275894909387
cowper_1791,gentle,moral_evaluation,positive,18,12.7857,109201,1.6483365536945631
cowper_1791,glad,affect_state,positive,23,14.60065,109201,2.10620781860972
cowper_1791,glittering,luminosity,unassigned,1,0.9552,109201,0.09157425298303129
cowper_1791,glowing,luminosity,unassigned,3,2.1094,109201,0.27472275894909387
cowper_1791,godlike,moral_evaluation,positive,31,22.148699999999998,109201,2.83880184247397
cowper_1791,gold,color_material,context_dependent,28,18.1358,109201,2.5640790835248763
cowper_1791,golden,color_material,context_dependent,45,31.70865,109201,4.1208413842364084
cowper_1791,good,moral_evaluation,positive,37,25.30885,109201,3.3882473603721577
cowper_1791,gray,color_hue,context_dependent,2,1.7074,109201,0.18314850596606258
cowper_1791,great,scale_intensity,unassigned,25,16.59465,109201,2.289356324575782
cowper_1791,green,color_hue,context_dependent,5,3.3034,109201,0.45787126491515645
cowper_1791,guileful,cognitive_evaluation,negative,1,0.9552,109201,0.09157425298303129
cowper_1791,guiltless,moral_evaluation,positive,1,-0.4776,109201,0.09157425298303129
cowper_1791,handsome,appearance_age,positive,1,0.8557,109201,0.09157425298303129
cowper_1791,happy,affect_state,unassigned,11,7.2476,109201,1.0073167828133442
cowper_1791,helpless,agency_capacity,negative,1,0.5771,109201,0.09157425298303129
cowper_1791,heroic,agency_capacity,positive,5,3.6795,109201,0.45787126491515645
cowper_1791,high,scale_intensity,unassigned,29,20.9548,109201,2.6556533365079074
cowper_1791,hospitable,behavior_disposition,positive,10,7.8773,109201,0.9157425298303129
cowper_1791,huge,scale_intensity,unassigned,25,16.295099999999998,109201,2.289356324575782
cowper_1791,immense,scale_intensity,unassigned,8,5.2546,109201,0.7325940238642503
cowper_1791,impious,moral_evaluation,negative,3,1.9899999999999998,109201,0.27472275894909387
cowper_1791,insolent,behavior_disposition,negative,4,2.7163,109201,0.36629701193212516
cowper_1791,intelligent,cognitive_evaluation,positive,3,2.5572,109201,0.27472275894909387
cowper_1791,joyful,affect_state,positive,8,6.5431,109201,0.7325940238642503
cowper_1791,just,moral_evaluation,positive,24,15.5474,109201,2.197782071592751
cowper_1791,keen,cognitive_evaluation,positive,10,7.164,109201,0.9157425298303129
cowper_1791,kind,moral_evaluation,positive,33,22.804299999999998,109201,3.0219503484400327
cowper_1791,kingly,social_status,unassigned,3,1.3134000000000001,109201,0.27472275894909387
cowper_1791,knowing,cognitive_evaluation,positive,4,1.5362999999999998,109201,0.36629701193212516
cowper_1791,lawless,moral_evaluation,negative,5,2.09945,109201,0.45787126491515645
cowper_1791,little,scale_intensity,unassigned,16,8.2187,109201,1.4651880477285006
cowper_1791,long,scale_intensity,unassigned,134,69.79235,109201,12.270949899726192
cowper_1791,lordly,social_status,unassigned,1,0.8597,109201,0.09157425298303129
cowper_1791,lovely,appearance_age,positive,16,7.5759,109201,1.4651880477285006
cowper_1791,low,scale_intensity,unassigned,8,5.731199999999999,109201,0.7325940238642503
cowper_1791,merciless,moral_evaluation,negative,1,0.7363,109201,0.09157425298303129
cowper_1791,mighty,scale_intensity,positive,15,9.64605,109201,1.3736137947454694
cowper_1791,mournful,affect_state,negative,6,5.0109,109201,0.5494455178981877
cowper_1791,narrow,scale_intensity,unassigned,1,0.5771,109201,0.09157425298303129
cowper_1791,noble,moral_evaluation,positive,82,61.51665,109201,7.509088744608566
cowper_1791,old,appearance_age,unassigned,52,38.4268,109201,4.761861155117627
cowper_1791,patient,affect_state,positive,11,5.92415,109201,1.0073167828133442
cowper_1791,peaceful,behavior_disposition,positive,1,0.9552,109201,0.09157425298303129
cowper_1791,princely,social_status,unassigned,7,4.7959,109201,0.6410197708812191
cowper_1791,prudent,cognitive_evaluation,positive,27,19.816950000000002,109201,2.472504830541845
cowper_1791,purple,color_hue,context_dependent,11,7.303299999999999,109201,1.0073167828133442
cowper_1791,radiant,luminosity,positive,7,5.0427,109201,0.6410197708812191
cowper_1791,reckless,behavior_disposition,negative,1,0.5771,109201,0.09157425298303129
cowper_1791,red,color_hue,context_dependent,3,2.1492,109201,0.27472275894909387
cowper_1791,righteous,moral_evaluation,positive,3,2.2686,109201,0.27472275894909387
cowper_1791,rosy,color_complex,context_dependent,21,14.2662,109201,1.923059312643657
cowper_1791,royal,social_status,unassigned,33,25.6711,109201,3.0219503484400327
cowper_1791,ruddy,color_hue,context_dependent,4,2.41285,109201,0.36629701193212516
cowper_1791,ruthless,behavior_disposition,negative,6,2.89145,109201,0.5494455178981877
cowper_1791,sable,color_hue,context_dependent,28,20.7478,109201,2.5640790835248763
cowper_1791,sacred,moral_evaluation,positive,28,23.0791,109201,2.5640790835248763
cowper_1791,sad,affect_state,negative,17,10.8157,109201,1.556762300711532
cowper_1791,sagacious,cognitive_evaluation,positive,1,0.8358,109201,0.09157425298303129
cowper_1791,savage,behavior_disposition,negative,5,3.5462,109201,0.45787126491515645
cowper_1791,senseless,cognitive_evaluation,negative,1,0.8358,109201,0.09157425298303129
cowper_1791,servile,social_status,unassigned,1,0.5771,109201,0.09157425298303129
cowper_1791,shameless,moral_evaluation,negative,10,7.9162,109201,0.9157425298303129
cowper_1791,shining,luminosity,positive,1,0.5771,109201,0.09157425298303129
cowper_1791,shrewd,cognitive_evaluation,positive,9,6.28245,109201,0.8241682768472816
cowper_1791,silver,color_material,context_dependent,12,9.8704,109201,1.0988910357963755
cowper_1791,small,appearance_age,unassigned,3,-0.30045000000000005,109201,0.27472275894909387
cowper_1791,sorrowful,affect_state,negative,1,0.8597,109201,0.09157425298303129
cowper_1791,splendid,luminosity,positive,25,16.67425,109201,2.289356324575782
cowper_1791,strong,agency_capacity,positive,13,8.696299999999999,109201,1.1904652887794067
cowper_1791,stubborn,behavior_disposition,unassigned,3,1.3134000000000001,109201,0.27472275894909387
cowper_1791,subtle,cognitive_evaluation,unassigned,6,2.9053999999999998,109201,0.5494455178981877
cowper_1791,sun-bright,luminosity,unassigned,1,0.7363,109201,0.09157425298303129
cowper_1791,tall,appearance_age,unassigned,8,5.8745,109201,0.7325940238642503
cowper_1791,terrified,affect_state,negative,4,1.5720999999999998,109201,0.36629701193212516
cowper_1791,unhappy,affect_state,negative,4,2.9432,109201,0.36629701193212516
cowper_1791,unjust,moral_evaluation,negative,7,3.3979,109201,0.6410197708812191
cowper_1791,unwise,cognitive_evaluation,negative,1,-0.4428,109201,0.09157425298303129
cowper_1791,valiant,agency_capacity,positive,8,5.19245,109201,0.7325940238642503
cowper_1791,vast,scale_intensity,unassigned,4,2.4676,109201,0.36629701193212516
cowper_1791,violent,behavior_disposition,negative,4,2.0099,109201,0.36629701193212516
cowper_1791,virtuous,moral_evaluation,positive,10,5.02475,109201,0.9157425298303129
cowper_1791,wanton,behavior_disposition,negative,1,0.5771,109201,0.09157425298303129
cowper_1791,warlike,behavior_disposition,unassigned,7,5.8347,109201,0.6410197708812191
cowper_1791,weak,agency_capacity,negative,3,1.31745,109201,0.27472275894909387
cowper_1791,weary,affect_state,negative,9,6.0356,109201,0.8241682768472816
cowper_1791,white,color_hue,context_dependent,4,2.5273,109201,0.36629701193212516
cowper_1791,wide,scale_intensity,unassigned,41,32.5982,109201,3.754544372304283
cowper_1791,wily,cognitive_evaluation,unassigned,1,0.6368,109201,0.09157425298303129
cowper_1791,wise,cognitive_evaluation,positive,77,57.7112,109201,7.05121747969341
cowper_1791,woeful,affect_state,negative,6,5.0148,109201,0.5494455178981877
cowper_1791,yellow,color_hue,context_dependent,1,0.6368,109201,0.09157425298303129
cowper_1791,young,appearance_age,unassigned,20,14.26075,109201,1.8314850596606258
cowper_1791,youthful,appearance_age,unassigned,3,2.5791,109201,0.27472275894909387
murray_1919,able,agency_capacity,unassigned,12,1.68215,132086,0.9084990082219161
murray_1919,afraid,affect_state,negative,1,-0.41875,132086,0.07570825068515967
murray_1919,aged,appearance_age,unassigned,5,4.0711,132086,0.37854125342579836
murray_1919,angry,affect_state,negative,17,11.8178,132086,1.2870402616477143
murray_1919,anxious,affect_state,negative,2,1.3292000000000002,132086,0.15141650137031934
murray_1919,ashen,color_complex,context_dependent,5,3.6172,132086,0.37854125342579836
murray_1919,base,moral_evaluation,negative,9,2.053,132086,0.681374256166437
murray_1919,beautiful,appearance_age,positive,61,42.068400000000004,132086,4.61820329179474
murray_1919,bitter,affect_state,negative,12,7.7532,132086,0.9084990082219161
murray_1919,black,color_hue,context_dependent,67,53.1031,132086,5.072452795905698
murray_1919,blameless,moral_evaluation,positive,6,3.7741,132086,0.45424950411095805
murray_1919,boastful,behavior_disposition,negative,2,0.39345,132086,0.15141650137031934
murray_1919,bold,behavior_disposition,unassigned,3,2.0812,132086,0.22712475205547902
murray_1919,boundless,scale_intensity,unassigned,9,6.4512,132086,0.681374256166437
murray_1919,brave,agency_capacity,positive,2,1.7389999999999999,132086,0.15141650137031934
murray_1919,brazen,color_material,context_dependent,5,4.3316,132086,0.37854125342579836
murray_1919,bright,luminosity,positive,50,31.979,132086,3.785412534257983
murray_1919,bronze,color_material,context_dependent,52,31.6386,132086,3.9368290356283024
murray_1919,captain,social_status,unassigned,1,0.9306,132086,0.07570825068515967
murray_1919,comely,appearance_age,positive,11,7.3385,132086,0.8327907575367564
murray_1919,crafty,cognitive_evaluation,unassigned,10,6.5603,132086,0.7570825068515967
murray_1919,cruel,moral_evaluation,negative,19,14.1651,132086,1.4384567630180338
murray_1919,cunning,cognitive_evaluation,unassigned,16,10.4913,132086,1.2113320109625547
murray_1919,dark,color_hue,negative,41,26.0756,132086,3.1040382780915463
murray_1919,dark-haired,color_complex,unassigned,3,2.3735,132086,0.22712475205547902
murray_1919,deceitful,behavior_disposition,negative,1,0.9306,132086,0.07570825068515967
murray_1919,deep,scale_intensity,unassigned,69,47.4638,132086,5.223869297276017
murray_1919,despairing,affect_state,negative,1,0.5452,132086,0.07570825068515967
murray_1919,dim,luminosity,negative,3,2.0492,132086,0.22712475205547902
murray_1919,distressed,affect_state,negative,5,1.3,132086,0.37854125342579836
murray_1919,divine,moral_evaluation,positive,36,24.6483,132086,2.725497024665748
murray_1919,enduring,agency_capacity,positive,26,20.8568,132086,1.9684145178141512
murray_1919,evil,moral_evaluation,negative,116,71.07515,132086,8.782157079478521
murray_1919,fair,appearance_age,positive,131,90.1069,132086,9.917780839755917
murray_1919,fair-haired,color_complex,unassigned,11,9.1744,132086,0.8327907575367564
murray_1919,faithful,moral_evaluation,positive,4,1.4946000000000002,132086,0.3028330027406387
murray_1919,false,moral_evaluation,negative,1,-0.4512,132086,0.07570825068515967
murray_1919,fierce,behavior_disposition,unassigned,8,6.7568,132086,0.6056660054812774
murray_1919,foolish,cognitive_evaluation,negative,6,4.7564,132086,0.45424950411095805
murray_1919,free,social_status,unassigned,9,2.4661500000000003,132086,0.681374256166437
murray_1919,furious,affect_state,negative,8,6.4110000000000005,132086,0.6056660054812774
murray_1919,gentle,moral_evaluation,positive,38,31.1818,132086,2.8769135260360676
murray_1919,glad,affect_state,positive,47,37.3326,132086,3.5582877822025045
murray_1919,gleaming,luminosity,unassigned,5,3.0418000000000003,132086,0.37854125342579836
murray_1919,godlike,moral_evaluation,positive,44,32.912,132086,3.3311630301470254
murray_1919,gold,color_material,context_dependent,36,22.7762,132086,2.725497024665748
murray_1919,golden,color_material,context_dependent,30,18.704,132086,2.27124752055479
murray_1919,good,moral_evaluation,positive,96,59.479150000000004,132086,7.267992065775329
murray_1919,gray,color_hue,context_dependent,20,16.7772,132086,1.5141650137031935
murray_1919,great,scale_intensity,unassigned,175,130.2336,132086,13.248943869902943
murray_1919,greedy,behavior_disposition,negative,2,1.6412,132086,0.15141650137031934
murray_1919,green,color_hue,context_dependent,2,1.5792,132086,0.15141650137031934
murray_1919,grieving,affect_state,unassigned,1,0.8122,132086,0.07570825068515967
murray_1919,guileful,cognitive_evaluation,negative,9,6.8998,132086,0.681374256166437
murray_1919,guiltless,moral_evaluation,positive,2,0.49629999999999996,132086,0.15141650137031934
murray_1919,happy,affect_state,unassigned,4,2.8802000000000003,132086,0.3028330027406387
murray_1919,high,scale_intensity,unassigned,63,44.1963,132086,4.7696197931650595
murray_1919,holy,moral_evaluation,positive,5,3.8079,132086,0.37854125342579836
murray_1919,honest,moral_evaluation,positive,1,-0.4512,132086,0.07570825068515967
murray_1919,hospitable,behavior_disposition,positive,4,3.0342000000000002,132086,0.3028330027406387
murray_1919,huge,scale_intensity,unassigned,9,5.8947,132086,0.681374256166437
murray_1919,insolent,behavior_disposition,negative,13,9.7384,132086,0.9842072589070756
murray_1919,joyful,affect_state,positive,2,0.2726,132086,0.15141650137031934
murray_1919,just,moral_evaluation,positive,8,1.86545,132086,0.6056660054812774
murray_1919,keen,cognitive_evaluation,positive,6,2.8585000000000003,132086,0.45424950411095805
murray_1919,kind,moral_evaluation,positive,7,5.8777,132086,0.5299577547961177
murray_1919,kingly,social_status,unassigned,1,-0.3478,132086,0.07570825068515967
murray_1919,knowing,cognitive_evaluation,positive,7,4.8692,132086,0.5299577547961177
murray_1919,lawless,moral_evaluation,negative,3,0.95835,132086,0.22712475205547902
murray_1919,little,scale_intensity,unassigned,11,6.4775,132086,0.8327907575367564
murray_1919,long,scale_intensity,unassigned,134,72.60385,132086,10.144905591811396
murray_1919,lordly,social_status,unassigned,20,15.7132,132086,1.5141650137031935
murray_1919,lovely,appearance_age,positive,7,4.2432,132086,0.5299577547961177
murray_1919,low,scale_intensity,unassigned,6,3.4037,132086,0.45424950411095805
murray_1919,loyal,moral_evaluation,positive,1,0.6956,132086,0.07570825068515967
murray_1919,mighty,scale_intensity,positive,74,53.4056,132086,5.602410550701816
murray_1919,murky,luminosity,negative,4,3.5446999999999997,132086,0.3028330027406387
murray_1919,narrow,scale_intensity,unassigned,4,2.4478,132086,0.3028330027406387
murray_1919,noble,moral_evaluation,positive,41,31.55195,132086,3.1040382780915463
murray_1919,old,appearance_age,unassigned,138,95.1311,132086,10.447738594552034
murray_1919,patient,affect_state,positive,2,1.675,132086,0.15141650137031934
murray_1919,prudent,cognitive_evaluation,positive,5,1.4523000000000001,132086,0.37854125342579836
murray_1919,purple,color_hue,context_dependent,12,7.802,132086,0.9084990082219161
murray_1919,queenly,social_status,unassigned,6,4.7828,132086,0.45424950411095805
murray_1919,raging,affect_state,negative,1,0.7896,132086,0.07570825068515967
murray_1919,reckless,behavior_disposition,negative,5,2.4346,132086,0.37854125342579836
murray_1919,red,color_hue,context_dependent,8,5.4182,132086,0.6056660054812774
murray_1919,righteous,moral_evaluation,positive,3,2.2851,132086,0.22712475205547902
murray_1919,rosy,color_complex,context_dependent,1,0.7896,132086,0.07570825068515967
murray_1919,rosy-fingered,color_complex,unassigned,16,12.9778,132086,1.2113320109625547
murray_1919,royal,social_status,unassigned,1,0.9024,132086,0.07570825068515967
murray_1919,sacred,moral_evaluation,positive,15,8.0793,132086,1.135623760277395
murray_1919,sad,affect_state,negative,2,1.7146,132086,0.15141650137031934
murray_1919,savage,behavior_disposition,negative,4,3.2279999999999998,132086,0.3028330027406387
murray_1919,scarlet,color_hue,context_dependent,1,0.5452,132086,0.07570825068515967
murray_1919,shameless,moral_evaluation,negative,13,10.4886,132086,0.9842072589070756
murray_1919,shining,luminosity,positive,12,8.836,132086,0.9084990082219161
murray_1919,shrewd,cognitive_evaluation,positive,3,0.7426,132086,0.22712475205547902
murray_1919,silver,color_material,context_dependent,23,14.2373,132086,1.7412897657586726
murray_1919,small,appearance_age,unassigned,5,2.6132,132086,0.37854125342579836
murray_1919,sorrowful,affect_state,negative,1,-0.4512,132086,0.07570825068515967
murray_1919,splendid,luminosity,positive,3,1.6356000000000002,132086,0.22712475205547902
murray_1919,steadfast,behavior_disposition,positive,22,14.54275,132086,1.6655815150735127
murray_1919,strong,agency_capacity,positive,41,27.88845,132086,3.1040382780915463
murray_1919,stubborn,behavior_disposition,unassigned,3,1.1693,132086,0.22712475205547902
murray_1919,subtle,cognitive_evaluation,unassigned,1,0.9024,132086,0.07570825068515967
murray_1919,tall,appearance_age,unassigned,20,14.0539,132086,1.5141650137031935
murray_1919,trusty,moral_evaluation,positive,7,4.418,132086,0.5299577547961177
murray_1919,unhappy,affect_state,negative,5,4.0496,132086,0.37854125342579836
murray_1919,unjust,moral_evaluation,negative,3,1.6356000000000002,132086,0.22712475205547902
murray_1919,valiant,agency_capacity,positive,7,4.4688,132086,0.5299577547961177
murray_1919,vast,scale_intensity,unassigned,3,1.9026,132086,0.22712475205547902
murray_1919,vermilion,color_hue,context_dependent,1,-0.3478,132086,0.07570825068515967
murray_1919,violent,behavior_disposition,negative,3,1.786,132086,0.22712475205547902
murray_1919,violet,color_hue,context_dependent,2,1.8048,132086,0.15141650137031934
murray_1919,wanton,behavior_disposition,negative,10,5.8562,132086,0.7570825068515967
murray_1919,warlike,behavior_disposition,unassigned,3,2.523,132086,0.22712475205547902
murray_1919,weak,agency_capacity,negative,2,1.2408000000000001,132086,0.15141650137031934
murray_1919,weary,affect_state,negative,7,4.8128,132086,0.5299577547961177
murray_1919,white,color_hue,context_dependent,33,21.0184,132086,2.4983722726102693
murray_1919,wicked,moral_evaluation,negative,2,1.5979999999999999,132086,0.15141650137031934
murray_1919,wide,scale_intensity,unassigned,29,22.3035,132086,2.1955392698696303
murray_1919,wily,cognitive_evaluation,unassigned,1,0.5452,132086,0.07570825068515967
murray_1919,wine-dark,color_complex,unassigned,7,5.6854000000000005,132086,0.5299577547961177
murray_1919,wise,cognitive_evaluation,positive,215,110.67665,132086,16.27727389730933
murray_1919,woeful,affect_state,negative,13,8.6332,132086,0.9842072589070756
murray_1919,yellow,color_hue,context_dependent,2,1.692,132086,0.15141650137031934
murray_1919,young,appearance_age,unassigned,33,25.5015,132086,2.4983722726102693
murray_1919,youthful,appearance_age,unassigned,1,0.5452,132086,0.07570825068515967
pope_1726,afraid,affect_state,negative,1,0.8358,108596,0.09208442299900549
pope_1726,aged,appearance_age,unassigned,6,3.2337499999999997,108596,0.5525065379940329
pope_1726,ancient,appearance_age,unassigned,14,9.08825,108596,1.2891819219860767
pope_1726,angry,affect_state,negative,9,5.4715,108596,0.8287598069910495
pope_1726,anxious,affect_state,negative,14,11.2475,108596,1.2891819219860767
pope_1726,base,moral_evaluation,negative,13,10.8694,108596,1.1970974989870713
pope_1726,beautiful,appearance_age,positive,1,0.7522,108596,0.09208442299900549
pope_1726,bitter,affect_state,negative,4,3.183,108596,0.36833769199602195
pope_1726,black,color_hue,context_dependent,20,17.1717,108596,1.8416884599801098
pope_1726,blameless,moral_evaluation,positive,3,2.5472,108596,0.27625326899701647
pope_1726,blue,color_hue,context_dependent,5,3.9600999999999997,108596,0.46042211499502744
pope_1726,bold,behavior_disposition,unassigned,40,29.8401,108596,3.6833769199602195
pope_1726,boundless,scale_intensity,unassigned,8,6.5093,108596,0.7366753839920439
pope_1726,brave,agency_capacity,positive,36,24.0312,108596,3.315039227964198
pope_1726,brazen,color_material,context_dependent,7,4.768,108596,0.6445909609930384
pope_1726,bright,luminosity,positive,43,32.90275,108596,3.9596301889572363
pope_1726,brown,color_hue,context_dependent,2,1.4129,108596,0.18416884599801098
pope_1726,cheerful,affect_state,positive,4,3.1502,108596,0.36833769199602195
pope_1726,comely,appearance_age,positive,2,1.4726,108596,0.18416884599801098
pope_1726,crafty,cognitive_evaluation,unassigned,1,0.8358,108596,0.09208442299900549
pope_1726,cruel,moral_evaluation,negative,7,5.0785,108596,0.6445909609930384
pope_1726,dark,color_hue,negative,20,15.2514,108596,1.8416884599801098
pope_1726,dauntless,agency_capacity,positive,5,4.5222,108596,0.46042211499502744
pope_1726,dazzling,luminosity,unassigned,1,0.9552,108596,0.09208442299900549
pope_1726,deep,scale_intensity,unassigned,94,71.16279999999999,108596,8.655935761906516
pope_1726,dim,luminosity,negative,3,1.0189,108596,0.27625326899701647
pope_1726,divine,moral_evaluation,positive,68,48.99785,108596,6.261740763932373
pope_1726,dusky,luminosity,context_dependent,2,1.791,108596,0.18416884599801098
pope_1726,endless,scale_intensity,unassigned,2,1.6915,108596,0.18416884599801098
pope_1726,enduring,agency_capacity,positive,5,2.4477,108596,0.46042211499502744
pope_1726,evil,moral_evaluation,negative,3,2.2686,108596,0.27625326899701647
pope_1726,fair,appearance_age,positive,76,54.64555,108596,6.9984161479244165
pope_1726,faithful,moral_evaluation,positive,41,31.4341,108596,3.775461342959225
pope_1726,false,moral_evaluation,negative,6,3.33025,108596,0.5525065379940329
pope_1726,fearful,affect_state,negative,1,0.7701,108596,0.09208442299900549
pope_1726,feeble,agency_capacity,negative,4,2.7661,108596,0.36833769199602195
pope_1726,fierce,behavior_disposition,unassigned,45,32.84305,108596,4.143799034955247
pope_1726,free,social_status,unassigned,18,9.90075,108596,1.657519613982099
pope_1726,friendly,behavior_disposition,positive,28,19.22145,108596,2.5783638439721535
pope_1726,furious,affect_state,negative,9,7.2635000000000005,108596,0.8287598069910495
pope_1726,generous,behavior_disposition,positive,27,21.8582,108596,2.4862794209731485
pope_1726,gentle,moral_evaluation,positive,18,12.5589,108596,1.657519613982099
pope_1726,glad,affect_state,positive,2,1.5323,108596,0.18416884599801098
pope_1726,gleaming,luminosity,unassigned,1,0.9552,108596,0.09208442299900549
pope_1726,glittering,luminosity,unassigned,18,13.3291,108596,1.657519613982099
pope_1726,glowing,luminosity,unassigned,4,3.2039,108596,0.36833769199602195
pope_1726,godlike,moral_evaluation,positive,26,21.0044,108596,2.3941949979741426
pope_1726,gold,color_material,context_dependent,31,21.8542,108596,2.85461711296917
pope_1726,golden,color_material,context_dependent,34,21.497999999999998,108596,3.1308703819661865
pope_1726,good,moral_evaluation,positive,43,33.1785,108596,3.9596301889572363
pope_1726,gray,color_hue,context_dependent,1,0.8358,108596,0.09208442299900549
pope_1726,great,scale_intensity,unassigned,110,80.5943,108596,10.129286529890603
pope_1726,greedy,behavior_disposition,negative,2,1.1542,108596,0.18416884599801098
pope_1726,green,color_hue,context_dependent,13,9.0247,108596,1.1970974989870713
pope_1726,guileful,cognitive_evaluation,negative,1,0.8557,108596,0.09208442299900549
pope_1726,guiltless,moral_evaluation,positive,1,0.5771,108596,0.09208442299900549
pope_1726,happy,affect_state,unassigned,29,22.22835,108596,2.670448266971159
pope_1726,helpless,agency_capacity,negative,5,2.91535,108596,0.46042211499502744
pope_1726,heroic,agency_capacity,positive,6,4.5809999999999995,108596,0.5525065379940329
pope_1726,high,scale_intensity,unassigned,95,68.76135,108596,8.74802018490552
pope_1726,holy,moral_evaluation,positive,13,8.5709,108596,1.1970974989870713
pope_1726,honest,moral_evaluation,positive,6,4.6566,108596,0.5525065379940329
pope_1726,hopeful,affect_state,positive,1,0.8358,108596,0.09208442299900549
pope_1726,hospitable,behavior_disposition,positive,31,22.19855,108596,2.85461711296917
pope_1726,huge,scale_intensity,unassigned,11,7.8306,108596,1.0129286529890604
pope_1726,impious,moral_evaluation,negative,8,4.51035,108596,0.7366753839920439
pope_1726,insolent,behavior_disposition,negative,3,0.8357999999999999,108596,0.27625326899701647
pope_1726,intelligent,cognitive_evaluation,positive,2,0.5174,108596,0.18416884599801098
pope_1726,joyful,affect_state,positive,8,5.5123,108596,0.7366753839920439
pope_1726,just,moral_evaluation,positive,37,27.3235,108596,3.4071236509632032
pope_1726,keen,cognitive_evaluation,positive,8,5.3133,108596,0.7366753839920439
pope_1726,kind,moral_evaluation,positive,39,28.24805,108596,3.5912924969612137
pope_1726,kingly,social_status,unassigned,3,2.4736000000000002,108596,0.27625326899701647
pope_1726,knowing,cognitive_evaluation,positive,3,1.4328,108596,0.27625326899701647
pope_1726,lawless,moral_evaluation,negative,17,12.9271,108596,1.5654351909830932
pope_1726,little,scale_intensity,unassigned,3,2.6467,108596,0.27625326899701647
pope_1726,long,scale_intensity,unassigned,91,61.894,108596,8.3796824929095
pope_1726,lordly,social_status,unassigned,3,1.9063999999999999,108596,0.27625326899701647
pope_1726,lovely,appearance_age,positive,5,2.4616499999999997,108596,0.46042211499502744
pope_1726,low,scale_intensity,unassigned,9,7.0226999999999995,108596,0.8287598069910495
pope_1726,loyal,moral_evaluation,positive,4,2.8457,108596,0.36833769199602195
pope_1726,melancholy,affect_state,negative,3,2.2487,108596,0.27625326899701647
pope_1726,mighty,scale_intensity,positive,50,39.1911,108596,4.604221149950274
pope_1726,mournful,affect_state,negative,9,4.0675,108596,0.8287598069910495
pope_1726,murky,luminosity,negative,1,0.8358,108596,0.09208442299900549
pope_1726,narrow,scale_intensity,unassigned,2,1.9402,108596,0.18416884599801098
pope_1726,noble,moral_evaluation,positive,11,7.5331,108596,1.0129286529890604
pope_1726,old,appearance_age,unassigned,55,40.0667,108596,5.0646432649453015
pope_1726,patient,affect_state,positive,15,12.2753,108596,1.3812663449850824
pope_1726,peaceful,behavior_disposition,positive,12,8.81565,108596,1.1050130759880659
pope_1726,pious,moral_evaluation,positive,12,9.5241,108596,1.1050130759880659
pope_1726,powerful,agency_capacity,positive,5,2.4734999999999996,108596,0.46042211499502744
pope_1726,princely,social_status,unassigned,1,0.8557,108596,0.09208442299900549
pope_1726,prudent,cognitive_evaluation,positive,8,6.0954,108596,0.7366753839920439
pope_1726,purple,color_hue,context_dependent,24,15.563849999999999,108596,2.2100261519761317
pope_1726,radiant,luminosity,positive,15,9.16395,108596,1.3812663449850824
pope_1726,raging,affect_state,negative,11,8.6206,108596,1.0129286529890604
pope_1726,red,color_hue,context_dependent,9,6.5272,108596,0.8287598069910495
pope_1726,righteous,moral_evaluation,positive,11,7.7451,108596,1.0129286529890604
pope_1726,rosy,color_complex,context_dependent,24,20.5806,108596,2.2100261519761317
pope_1726,rosy-fingered,color_complex,unassigned,1,0.5771,108596,0.09208442299900549
pope_1726,royal,social_status,unassigned,88,59.66415,108596,8.103429223912483
pope_1726,ruddy,color_hue,context_dependent,5,4.0198,108596,0.46042211499502744
pope_1726,ruthless,behavior_disposition,negative,1,0.9552,108596,0.09208442299900549
pope_1726,sable,color_hue,context_dependent,15,11.8127,108596,1.3812663449850824
pope_1726,sacred,moral_evaluation,positive,63,46.0754,108596,5.801318648937346
pope_1726,sad,affect_state,negative,42,28.2621,108596,3.867545765958231
pope_1726,sagacious,cognitive_evaluation,positive,1,0.9552,108596,0.09208442299900549
pope_1726,savage,behavior_disposition,negative,13,8.30825,108596,1.1970974989870713
pope_1726,servile,social_status,unassigned,3,-0.26865000000000006,108596,0.27625326899701647
pope_1726,shameless,moral_evaluation,negative,2,0.48155000000000003,108596,0.18416884599801098
pope_1726,shining,luminosity,positive,24,16.03345,108596,2.2100261519761317
pope_1726,silver,color_material,context_dependent,25,15.921999999999999,108596,2.302110574975137
pope_1726,small,appearance_age,unassigned,2,1.3134,108596,0.18416884599801098
pope_1726,splendid,luminosity,positive,8,5.9501,108596,0.7366753839920439
pope_1726,steadfast,behavior_disposition,positive,2,1.3134,108596,0.18416884599801098
pope_1726,strong,agency_capacity,positive,27,18.1707,108596,2.4862794209731485
pope_1726,stubborn,behavior_disposition,unassigned,7,5.3332,108596,0.6445909609930384
pope_1726,tall,appearance_age,unassigned,9,7.0725,108596,0.8287598069910495
pope_1726,thoughtful,cognitive_evaluation,positive,9,5.60585,108596,0.8287598069910495
pope_1726,treacherous,moral_evaluation,negative,1,0.9552,108596,0.09208442299900549
pope_1726,trusty,moral_evaluation,positive,1,0.5771,108596,0.09208442299900549
pope_1726,unhappy,affect_state,negative,18,12.7639,108596,1.657519613982099
pope_1726,unjust,moral_evaluation,negative,6,4.7600999999999996,108596,0.5525065379940329
pope_1726,unwise,cognitive_evaluation,negative,3,2.1492,108596,0.27625326899701647
pope_1726,valiant,agency_capacity,positive,2,1.4327999999999999,108596,0.18416884599801098
pope_1726,vast,scale_intensity,unassigned,15,12.0395,108596,1.3812663449850824
pope_1726,vermilion,color_hue,context_dependent,1,-0.36815,108596,0.09208442299900549
pope_1726,virtuous,moral_evaluation,positive,8,7.0307,108596,0.7366753839920439
pope_1726,wanton,behavior_disposition,negative,6,3.7809999999999997,108596,0.5525065379940329
pope_1726,warlike,behavior_disposition,unassigned,4,2.8795,108596,0.36833769199602195
pope_1726,weak,agency_capacity,negative,4,1.5919999999999999,108596,0.36833769199602195
pope_1726,weary,affect_state,negative,4,3.5133,108596,0.36833769199602195
pope_1726,white,color_hue,context_dependent,6,4.378,108596,0.5525065379940329
pope_1726,wicked,moral_evaluation,negative,6,1.7810499999999998,108596,0.5525065379940329
pope_1726,wide,scale_intensity,unassigned,42,30.2601,108596,3.867545765958231
pope_1726,wise,cognitive_evaluation,positive,50,37.80085,108596,4.604221149950274
pope_1726,wrathful,affect_state,negative,3,2.2547,108596,0.27625326899701647
pope_1726,yellow,color_hue,context_dependent,2,1.4327999999999999,108596,0.18416884599801098
pope_1726,young,appearance_age,unassigned,42,28.7635,108596,3.867545765958231
pope_1726,youthful,appearance_age,unassigned,13,9.9738,108596,1.1970974989870713
