translation_id,target,category,event_count
butcher_lang_1879,ACHAEANS,moral_evaluation,2
butcher_lang_1879,ACHAEANS,scale_intensity,7
butcher_lang_1879,ACHILLES,color_hue,2
butcher_lang_1879,ACHILLES,moral_evaluation,4
butcher_lang_1879,ACHILLES,scale_intensity,4
butcher_lang_1879,AEGISTHUS,cognitive_evaluation,6
butcher_lang_1879,AEGISTHUS,color_material,2
butcher_lang_1879,AEGISTHUS,moral_evaluation,3
butcher_lang_1879,AGAMEMNON,appearance_age,3
butcher_lang_1879,AGAMEMNON,scale_intensity,2
butcher_lang_1879,AJAX,moral_evaluation,3
butcher_lang_1879,ALCINOUS,appearance_age,6
butcher_lang_1879,ALCINOUS,cognitive_evaluation,4
butcher_lang_1879,ALCINOUS,color_hue,2
butcher_lang_1879,ALCINOUS,color_material,9
butcher_lang_1879,ALCINOUS,luminosity,2
butcher_lang_1879,ALCINOUS,moral_evaluation,13
butcher_lang_1879,ALCINOUS,scale_intensity,20
butcher_lang_1879,ANGER,moral_evaluation,4
butcher_lang_1879,ANTINOUS,affect_state,3
butcher_lang_1879,ANTINOUS,appearance_age,5
butcher_lang_1879,ANTINOUS,cognitive_evaluation,3
butcher_lang_1879,ANTINOUS,color_hue,2
butcher_lang_1879,ANTINOUS,color_material,2
butcher_lang_1879,ANTINOUS,moral_evaluation,8
butcher_lang_1879,ANTINOUS,scale_intensity,4
butcher_lang_1879,ANTINOUS,social_status,3
butcher_lang_1879,ARETE,appearance_age,2
butcher_lang_1879,ARETE,color_hue,4
butcher_lang_1879,ATHENA,affect_state,3
butcher_lang_1879,ATHENA,agency_capacity,4
butcher_lang_1879,ATHENA,appearance_age,15
butcher_lang_1879,ATHENA,cognitive_evaluation,2
butcher_lang_1879,ATHENA,color_complex,50
butcher_lang_1879,ATHENA,color_hue,4
butcher_lang_1879,ATHENA,color_material,7
butcher_lang_1879,ATHENA,luminosity,2
butcher_lang_1879,ATHENA,moral_evaluation,10
butcher_lang_1879,ATHENA,scale_intensity,15
butcher_lang_1879,BLOOD,color_hue,11
butcher_lang_1879,BLOOD,moral_evaluation,2
butcher_lang_1879,BOW,appearance_age,3
butcher_lang_1879,BOW,color_material,4
butcher_lang_1879,BOW,scale_intensity,8
butcher_lang_1879,CALYPSO,appearance_age,8
butcher_lang_1879,CALYPSO,color_material,2
butcher_lang_1879,CALYPSO,scale_intensity,2
butcher_lang_1879,CIRCE,agency_capacity,2
butcher_lang_1879,CIRCE,appearance_age,4
butcher_lang_1879,CIRCE,color_material,4
butcher_lang_1879,CIRCE,moral_evaluation,5
butcher_lang_1879,CIRCE,scale_intensity,13
butcher_lang_1879,CIRCE,social_status,3
butcher_lang_1879,CLYTEMNESTRA,moral_evaluation,3
butcher_lang_1879,CYCLOPES,scale_intensity,2
butcher_lang_1879,DAWN,appearance_age,7
butcher_lang_1879,DAWN,color_complex,15
butcher_lang_1879,DAWN,color_material,9
butcher_lang_1879,DAWN,luminosity,9
butcher_lang_1879,DAWN,scale_intensity,3
butcher_lang_1879,DEATH,cognitive_evaluation,3
butcher_lang_1879,DEATH,color_hue,3
butcher_lang_1879,DEATH,moral_evaluation,4
butcher_lang_1879,DEATH,scale_intensity,7
butcher_lang_1879,DEMODOCUS,moral_evaluation,7
butcher_lang_1879,DEMODOCUS,scale_intensity,2
butcher_lang_1879,EARTH,appearance_age,6
butcher_lang_1879,EARTH,cognitive_evaluation,2
butcher_lang_1879,EARTH,color_hue,4
butcher_lang_1879,EARTH,moral_evaluation,2
butcher_lang_1879,EARTH,scale_intensity,15
butcher_lang_1879,EUMAEUS,appearance_age,7
butcher_lang_1879,EUMAEUS,moral_evaluation,3
butcher_lang_1879,EUMAEUS,scale_intensity,6
butcher_lang_1879,EURYCLEIA,appearance_age,3
butcher_lang_1879,EURYCLEIA,cognitive_evaluation,4
butcher_lang_1879,EURYCLEIA,moral_evaluation,14
butcher_lang_1879,EURYCLEIA,scale_intensity,2
butcher_lang_1879,EURYMACHUS,appearance_age,3
butcher_lang_1879,EURYMACHUS,moral_evaluation,3
butcher_lang_1879,FATE,affect_state,4
butcher_lang_1879,FATE,color_hue,8
butcher_lang_1879,FATE,moral_evaluation,10
butcher_lang_1879,FIRE,color_hue,2
butcher_lang_1879,FIRE,luminosity,2
butcher_lang_1879,FIRE,scale_intensity,9
butcher_lang_1879,GENERIC_CAVE,appearance_age,2
butcher_lang_1879,GENERIC_CAVE,moral_evaluation,2
butcher_lang_1879,GENERIC_CAVE,scale_intensity,3
butcher_lang_1879,GENERIC_CITY,appearance_age,2
butcher_lang_1879,GENERIC_CITY,scale_intensity,7
butcher_lang_1879,GENERIC_DAUGHTER,appearance_age,4
butcher_lang_1879,GENERIC_DAUGHTER,moral_evaluation,4
butcher_lang_1879,GENERIC_DAUGHTER,scale_intensity,3
butcher_lang_1879,GENERIC_FATHER,color_material,2
butcher_lang_1879,GENERIC_FATHER,moral_evaluation,12
butcher_lang_1879,GENERIC_FATHER,scale_intensity,3
butcher_lang_1879,GENERIC_FRIEND,appearance_age,3
butcher_lang_1879,GENERIC_GOD,affect_state,2
butcher_lang_1879,GENERIC_GOD,agency_capacity,3
butcher_lang_1879,GENERIC_GOD,behavior_disposition,4
butcher_lang_1879,GENERIC_GOD,cognitive_evaluation,2
butcher_lang_1879,GENERIC_GOD,moral_evaluation,3
butcher_lang_1879,GENERIC_GODDESS,appearance_age,28
butcher_lang_1879,GENERIC_GODDESS,cognitive_evaluation,2
butcher_lang_1879,GENERIC_GODDESS,color_complex,2
butcher_lang_1879,GENERIC_GODDESS,scale_intensity,7
butcher_lang_1879,GENERIC_KING,moral_evaluation,6
butcher_lang_1879,GENERIC_MAN,affect_state,3
butcher_lang_1879,GENERIC_MAN,agency_capacity,9
butcher_lang_1879,GENERIC_MAN,appearance_age,59
butcher_lang_1879,GENERIC_MAN,cognitive_evaluation,8
butcher_lang_1879,GENERIC_MAN,color_hue,2
butcher_lang_1879,GENERIC_MAN,color_material,2
butcher_lang_1879,GENERIC_MAN,moral_evaluation,21
butcher_lang_1879,GENERIC_MAN,scale_intensity,10
butcher_lang_1879,GENERIC_MOTHER,cognitive_evaluation,2
butcher_lang_1879,GENERIC_MOTHER,moral_evaluation,2
butcher_lang_1879,GENERIC_MOUNTAIN,scale_intensity,6
butcher_lang_1879,GENERIC_QUEEN,moral_evaluation,2
butcher_lang_1879,GENERIC_RIVER,appearance_age,2
butcher_lang_1879,GENERIC_SHORE,scale_intensity,3
butcher_lang_1879,GENERIC_SON,agency_capacity,5
butcher_lang_1879,GENERIC_SON,appearance_age,3
butcher_lang_1879,GENERIC_SON,cognitive_evaluation,6
butcher_lang_1879,GENERIC_SON,moral_evaluation,7
butcher_lang_1879,GENERIC_SON,scale_intensity,3
butcher_lang_1879,GENERIC_STRANGER,behavior_disposition,2
butcher_lang_1879,GENERIC_STRANGER,scale_intensity,3
butcher_lang_1879,GENERIC_WIFE,appearance_age,6
butcher_lang_1879,GENERIC_WIFE,moral_evaluation,7
butcher_lang_1879,GENERIC_WOMAN,appearance_age,18
butcher_lang_1879,GENERIC_WOMAN,moral_evaluation,4
butcher_lang_1879,GODS,moral_evaluation,10
butcher_lang_1879,GODS,scale_intensity,3
butcher_lang_1879,HELEN,appearance_age,7
butcher_lang_1879,HELEN,color_material,4
butcher_lang_1879,HELEN,scale_intensity,3
butcher_lang_1879,HERMES,appearance_age,4
butcher_lang_1879,HERMES,cognitive_evaluation,3
butcher_lang_1879,HERMES,color_hue,2
butcher_lang_1879,HERMES,color_material,5
butcher_lang_1879,HERMES,luminosity,2
butcher_lang_1879,HERMES,scale_intensity,2
butcher_lang_1879,HOME,appearance_age,4
butcher_lang_1879,HOME,color_material,5
butcher_lang_1879,HOME,moral_evaluation,5
butcher_lang_1879,HOME,scale_intensity,13
butcher_lang_1879,ITHACA,appearance_age,3
butcher_lang_1879,ITHACA,moral_evaluation,3
butcher_lang_1879,ITHACA,scale_intensity,4
butcher_lang_1879,JOURNEY,appearance_age,2
butcher_lang_1879,JOURNEY,moral_evaluation,6
butcher_lang_1879,JOURNEY,scale_intensity,8
butcher_lang_1879,LAERTES,affect_state,3
butcher_lang_1879,LAERTES,appearance_age,10
butcher_lang_1879,LAERTES,color_hue,4
butcher_lang_1879,LAERTES,luminosity,2
butcher_lang_1879,LAERTES,moral_evaluation,4
butcher_lang_1879,LAERTES,scale_intensity,6
butcher_lang_1879,MELANTHIUS,moral_evaluation,2
butcher_lang_1879,MENELAUS,appearance_age,13
butcher_lang_1879,MENELAUS,color_material,5
butcher_lang_1879,MENELAUS,moral_evaluation,9
butcher_lang_1879,MENELAUS,scale_intensity,2
butcher_lang_1879,MIND,affect_state,19
butcher_lang_1879,MIND,agency_capacity,5
butcher_lang_1879,MIND,appearance_age,6
butcher_lang_1879,MIND,behavior_disposition,12
butcher_lang_1879,MIND,cognitive_evaluation,11
butcher_lang_1879,MIND,color_hue,2
butcher_lang_1879,MIND,color_material,3
butcher_lang_1879,MIND,moral_evaluation,20
butcher_lang_1879,MIND,scale_intensity,27
butcher_lang_1879,MIND,social_status,9
butcher_lang_1879,MOON,appearance_age,2
butcher_lang_1879,MORTALS,affect_state,6
butcher_lang_1879,MORTALS,agency_capacity,4
butcher_lang_1879,MORTALS,appearance_age,23
butcher_lang_1879,MORTALS,behavior_disposition,5
butcher_lang_1879,MORTALS,cognitive_evaluation,3
butcher_lang_1879,MORTALS,moral_evaluation,16
butcher_lang_1879,MORTALS,scale_intensity,18
butcher_lang_1879,NAUSICAA,color_hue,4
butcher_lang_1879,NAUSICAA,luminosity,2
butcher_lang_1879,NESTOR,appearance_age,6
butcher_lang_1879,NESTOR,cognitive_evaluation,5
butcher_lang_1879,NESTOR,luminosity,2
butcher_lang_1879,NESTOR,moral_evaluation,6
butcher_lang_1879,NESTOR,scale_intensity,2
butcher_lang_1879,NIGHT,color_hue,7
butcher_lang_1879,NIGHT,scale_intensity,2
butcher_lang_1879,ODYSSEUS,affect_state,21
butcher_lang_1879,ODYSSEUS,agency_capacity,9
butcher_lang_1879,ODYSSEUS,appearance_age,39
butcher_lang_1879,ODYSSEUS,behavior_disposition,41
butcher_lang_1879,ODYSSEUS,cognitive_evaluation,31
butcher_lang_1879,ODYSSEUS,color_complex,3
butcher_lang_1879,ODYSSEUS,color_hue,13
butcher_lang_1879,ODYSSEUS,color_material,19
butcher_lang_1879,ODYSSEUS,luminosity,16
butcher_lang_1879,ODYSSEUS,moral_evaluation,96
butcher_lang_1879,ODYSSEUS,scale_intensity,87
butcher_lang_1879,PALACE,appearance_age,19
butcher_lang_1879,PALACE,behavior_disposition,2
butcher_lang_1879,PALACE,cognitive_evaluation,5
butcher_lang_1879,PALACE,color_material,3
butcher_lang_1879,PALACE,luminosity,2
butcher_lang_1879,PALACE,moral_evaluation,8
butcher_lang_1879,PALACE,scale_intensity,23
butcher_lang_1879,PENELOPE,appearance_age,6
butcher_lang_1879,PENELOPE,behavior_disposition,2
butcher_lang_1879,PENELOPE,cognitive_evaluation,50
butcher_lang_1879,PENELOPE,color_material,2
butcher_lang_1879,PENELOPE,luminosity,4
butcher_lang_1879,PENELOPE,moral_evaluation,8
butcher_lang_1879,PENELOPE,scale_intensity,9
butcher_lang_1879,PHAEACIANS,moral_evaluation,6
butcher_lang_1879,PHAEACIANS,scale_intensity,2
butcher_lang_1879,POLYPHEMUS,agency_capacity,2
butcher_lang_1879,POSEIDON,agency_capacity,3
butcher_lang_1879,POSEIDON,appearance_age,5
butcher_lang_1879,POSEIDON,cognitive_evaluation,3
butcher_lang_1879,POSEIDON,moral_evaluation,5
butcher_lang_1879,POSEIDON,scale_intensity,3
butcher_lang_1879,SEA,affect_state,4
butcher_lang_1879,SEA,appearance_age,21
butcher_lang_1879,SEA,cognitive_evaluation,3
butcher_lang_1879,SEA,color_complex,12
butcher_lang_1879,SEA,color_hue,33
butcher_lang_1879,SEA,luminosity,3
butcher_lang_1879,SEA,moral_evaluation,8
butcher_lang_1879,SEA,scale_intensity,143
butcher_lang_1879,SHIELD,scale_intensity,2
butcher_lang_1879,SHIP,appearance_age,4
butcher_lang_1879,SHIP,color_hue,58
butcher_lang_1879,SHIP,moral_evaluation,6
butcher_lang_1879,SHIP,scale_intensity,10
butcher_lang_1879,SKY,color_hue,2
butcher_lang_1879,SKY,moral_evaluation,2
butcher_lang_1879,SKY,scale_intensity,22
butcher_lang_1879,SORROW,affect_state,3
butcher_lang_1879,SORROW,cognitive_evaluation,2
butcher_lang_1879,SORROW,moral_evaluation,3
butcher_lang_1879,SORROW,scale_intensity,15
butcher_lang_1879,SPEAR,color_complex,3
butcher_lang_1879,SPEAR,color_material,11
butcher_lang_1879,SPEAR,scale_intensity,11
butcher_lang_1879,SPEECH,affect_state,5
butcher_lang_1879,SPEECH,appearance_age,4
butcher_lang_1879,SPEECH,behavior_disposition,3
butcher_lang_1879,SPEECH,cognitive_evaluation,6
butcher_lang_1879,SPEECH,color_hue,2
butcher_lang_1879,SPEECH,color_material,2
butcher_lang_1879,SPEECH,moral_evaluation,18
butcher_lang_1879,SPEECH,scale_intensity,4
butcher_lang_1879,STORM,agency_capacity,2
butcher_lang_1879,STORM,appearance_age,6
butcher_lang_1879,STORM,moral_evaluation,2
butcher_lang_1879,STORM,scale_intensity,5
butcher_lang_1879,SUITORS,behavior_disposition,4
butcher_lang_1879,SUITORS,cognitive_evaluation,3
butcher_lang_1879,SUITORS,color_hue,2
butcher_lang_1879,SUITORS,moral_evaluation,19
butcher_lang_1879,SUITORS,scale_intensity,3
butcher_lang_1879,SUITORS,social_status,19
butcher_lang_1879,SUN,agency_capacity,3
butcher_lang_1879,SUN,luminosity,5
butcher_lang_1879,SUN,moral_evaluation,3
butcher_lang_1879,SWORD,agency_capacity,2
butcher_lang_1879,SWORD,appearance_age,2
butcher_lang_1879,SWORD,color_material,4
butcher_lang_1879,SWORD,scale_intensity,3
butcher_lang_1879,TEIRESIAS,color_hue,2
butcher_lang_1879,TEIRESIAS,color_material,2
butcher_lang_1879,TELEMACHUS,affect_state,4
butcher_lang_1879,TELEMACHUS,agency_capacity,3
butcher_lang_1879,TELEMACHUS,appearance_age,11
butcher_lang_1879,TELEMACHUS,cognitive_evaluation,52
butcher_lang_1879,TELEMACHUS,color_complex,2
butcher_lang_1879,TELEMACHUS,color_hue,3
butcher_lang_1879,TELEMACHUS,color_material,2
butcher_lang_1879,TELEMACHUS,luminosity,2
butcher_lang_1879,TELEMACHUS,moral_evaluation,19
butcher_lang_1879,TELEMACHUS,scale_intensity,26
butcher_lang_1879,TROY,moral_evaluation,6
butcher_lang_1879,TROY,scale_intensity,4
butcher_lang_1879,WAR,agency_capacity,3
butcher_lang_1879,WAR,appearance_age,2
butcher_lang_1879,WAR,behavior_disposition,2
butcher_lang_1879,WAR,moral_evaluation,3
butcher_lang_1879,WAR,scale_intensity,2
butcher_lang_1879,WINE,color_hue,22
butcher_lang_1879,WINE,color_material,6
butcher_lang_1879,WINE,scale_intensity,3
butcher_lang_1879,ZEUS,affect_state,6
butcher_lang_1879,ZEUS,agency_capacity,4
butcher_lang_1879,ZEUS,appearance_age,27
butcher_lang_1879,ZEUS,behavior_disposition,2
butcher_lang_1879,ZEUS,cognitive_evaluation,9
butcher_lang_1879,ZEUS,color_complex,2
butcher_lang_1879,ZEUS,color_hue,5
butcher_lang_1879,ZEUS,color_material,13
butcher_lang_1879,ZEUS,luminosity,5
butcher_lang_1879,ZEUS,moral_evaluation,38
butcher_lang_1879,ZEUS,scale_intensity,59
butcher_lang_1879,ZEUS,social_status,5
butler_1900,ACHAEANS,agency_capacity,3
butler_1900,ACHAEANS,moral_evaluation,2
butler_1900,ACHAEANS,scale_intensity,4
butler_1900,ACHILLES,scale_intensity,2
butler_1900,AEGISTHUS,moral_evaluation,5
butler_1900,AGAMEMNON,appearance_age,3
butler_1900,AGAMEMNON,moral_evaluation,2
butler_1900,AJAX,moral_evaluation,2
butler_1900,ALCINOUS,appearance_age,5
butler_1900,ALCINOUS,color_hue,2
butler_1900,ALCINOUS,color_material,2
butler_1900,ALCINOUS,moral_evaluation,5
butler_1900,ALCINOUS,scale_intensity,4
butler_1900,AMPHINOMUS,moral_evaluation,3
butler_1900,ANGER,scale_intensity,2
butler_1900,ANTINOUS,affect_state,4
butler_1900,ANTINOUS,appearance_age,2
butler_1900,ANTINOUS,moral_evaluation,5
butler_1900,ANTINOUS,scale_intensity,2
butler_1900,ANTINOUS,social_status,2
butler_1900,ARETE,appearance_age,2
butler_1900,ATHENA,agency_capacity,4
butler_1900,ATHENA,appearance_age,9
butler_1900,ATHENA,cognitive_evaluation,2
butler_1900,ATHENA,color_hue,3
butler_1900,ATHENA,color_material,8
butler_1900,ATHENA,moral_evaluation,13
butler_1900,ATHENA,scale_intensity,8
butler_1900,BLOOD,moral_evaluation,2
butler_1900,BOW,agency_capacity,4
butler_1900,BOW,scale_intensity,4
butler_1900,CALYPSO,affect_state,3
butler_1900,CALYPSO,agency_capacity,3
butler_1900,CALYPSO,appearance_age,2
butler_1900,CALYPSO,color_material,2
butler_1900,CALYPSO,moral_evaluation,5
butler_1900,CALYPSO,scale_intensity,5
butler_1900,CIRCE,affect_state,2
butler_1900,CIRCE,agency_capacity,2
butler_1900,CIRCE,cognitive_evaluation,3
butler_1900,CIRCE,color_hue,2
butler_1900,CIRCE,color_material,4
butler_1900,CIRCE,moral_evaluation,9
butler_1900,CIRCE,scale_intensity,7
butler_1900,CIRCE,social_status,3
butler_1900,CYCLOPES,behavior_disposition,2
butler_1900,CYCLOPES,moral_evaluation,2
butler_1900,CYCLOPES,scale_intensity,2
butler_1900,DAWN,color_complex,20
butler_1900,DAWN,color_hue,2
butler_1900,DAWN,color_material,2
butler_1900,DEATH,affect_state,3
butler_1900,DEATH,color_hue,2
butler_1900,DEATH,moral_evaluation,3
butler_1900,DEATH,scale_intensity,2
butler_1900,DEMODOCUS,moral_evaluation,4
butler_1900,DEMODOCUS,scale_intensity,2
butler_1900,EARTH,affect_state,2
butler_1900,EARTH,scale_intensity,4
butler_1900,EUMAEUS,appearance_age,9
butler_1900,EUMAEUS,moral_evaluation,5
butler_1900,EUMAEUS,scale_intensity,6
butler_1900,EURYCLEIA,appearance_age,6
butler_1900,EURYMACHUS,affect_state,2
butler_1900,EURYMACHUS,appearance_age,2
butler_1900,EURYMACHUS,color_hue,2
butler_1900,EURYMACHUS,moral_evaluation,2
butler_1900,FIRE,scale_intensity,3
butler_1900,GENERIC_CAVE,scale_intensity,3
butler_1900,GENERIC_CITY,moral_evaluation,2
butler_1900,GENERIC_CITY,scale_intensity,4
butler_1900,GENERIC_DAUGHTER,appearance_age,2
butler_1900,GENERIC_DAUGHTER,moral_evaluation,4
butler_1900,GENERIC_FATHER,affect_state,4
butler_1900,GENERIC_FATHER,appearance_age,7
butler_1900,GENERIC_FATHER,moral_evaluation,6
butler_1900,GENERIC_FATHER,scale_intensity,2
butler_1900,GENERIC_FRIEND,appearance_age,8
butler_1900,GENERIC_GOD,appearance_age,2
butler_1900,GENERIC_GOD,moral_evaluation,3
butler_1900,GENERIC_GOD,scale_intensity,2
butler_1900,GENERIC_GODDESS,cognitive_evaluation,2
butler_1900,GENERIC_GODDESS,scale_intensity,4
butler_1900,GENERIC_HERO,appearance_age,2
butler_1900,GENERIC_HUSBAND,agency_capacity,2
butler_1900,GENERIC_HUSBAND,color_material,3
butler_1900,GENERIC_HUSBAND,moral_evaluation,3
butler_1900,GENERIC_ISLAND,moral_evaluation,2
butler_1900,GENERIC_ISLAND,scale_intensity,3
butler_1900,GENERIC_MAN,affect_state,4
butler_1900,GENERIC_MAN,agency_capacity,11
butler_1900,GENERIC_MAN,appearance_age,18
butler_1900,GENERIC_MAN,cognitive_evaluation,2
butler_1900,GENERIC_MAN,moral_evaluation,10
butler_1900,GENERIC_MAN,scale_intensity,4
butler_1900,GENERIC_MOUNTAIN,scale_intensity,7
butler_1900,GENERIC_QUEEN,moral_evaluation,2
butler_1900,GENERIC_SERVANT,appearance_age,2
butler_1900,GENERIC_SON,agency_capacity,3
butler_1900,GENERIC_SON,appearance_age,5
butler_1900,GENERIC_SON,moral_evaluation,3
butler_1900,GENERIC_SON,scale_intensity,4
butler_1900,GENERIC_STRANGER,agency_capacity,2
butler_1900,GENERIC_WIFE,agency_capacity,2
butler_1900,GENERIC_WIFE,appearance_age,2
butler_1900,GENERIC_WIFE,moral_evaluation,9
butler_1900,GENERIC_WOMAN,appearance_age,16
butler_1900,GENERIC_WOMAN,cognitive_evaluation,2
butler_1900,GENERIC_WOMAN,moral_evaluation,7
butler_1900,GENERIC_WOMAN,scale_intensity,2
butler_1900,GODS,affect_state,2
butler_1900,GODS,appearance_age,3
butler_1900,GODS,moral_evaluation,2
butler_1900,GODS,scale_intensity,2
butler_1900,HELEN,appearance_age,7
butler_1900,HELEN,color_material,3
butler_1900,HELEN,moral_evaluation,2
butler_1900,HELEN,scale_intensity,2
butler_1900,HERA,moral_evaluation,2
butler_1900,HERA,scale_intensity,5
butler_1900,HERMES,appearance_age,2
butler_1900,HERMES,color_material,2
butler_1900,HERMES,moral_evaluation,5
butler_1900,HOME,affect_state,5
butler_1900,HOME,agency_capacity,2
butler_1900,HOME,appearance_age,3
butler_1900,HOME,color_material,2
butler_1900,HOME,moral_evaluation,6
butler_1900,HOME,scale_intensity,9
butler_1900,ITHACA,appearance_age,2
butler_1900,ITHACA,scale_intensity,2
butler_1900,JOURNEY,moral_evaluation,2
butler_1900,JOURNEY,scale_intensity,12
butler_1900,LAERTES,affect_state,3
butler_1900,LAERTES,agency_capacity,3
butler_1900,LAERTES,appearance_age,9
butler_1900,LAERTES,color_hue,2
butler_1900,LAERTES,scale_intensity,5
butler_1900,MELANTHIUS,moral_evaluation,2
butler_1900,MELANTHIUS,scale_intensity,2
butler_1900,MENELAUS,affect_state,4
butler_1900,MENELAUS,color_material,7
butler_1900,MENELAUS,moral_evaluation,7
butler_1900,MENELAUS,scale_intensity,3
butler_1900,MIND,affect_state,5
butler_1900,MIND,appearance_age,2
butler_1900,MIND,color_material,2
butler_1900,MIND,moral_evaluation,3
butler_1900,MIND,scale_intensity,5
butler_1900,MORTALS,agency_capacity,3
butler_1900,MORTALS,appearance_age,18
butler_1900,MORTALS,color_hue,2
butler_1900,MORTALS,moral_evaluation,6
butler_1900,MORTALS,scale_intensity,4
butler_1900,NAUSICAA,appearance_age,2
butler_1900,NESTOR,appearance_age,6
butler_1900,NESTOR,color_hue,3
butler_1900,NESTOR,color_material,2
butler_1900,NESTOR,moral_evaluation,4
butler_1900,NIGHT,affect_state,3
butler_1900,NIGHT,color_hue,3
butler_1900,NIGHT,scale_intensity,7
butler_1900,ODYSSEUS,affect_state,35
butler_1900,ODYSSEUS,agency_capacity,12
butler_1900,ODYSSEUS,appearance_age,28
butler_1900,ODYSSEUS,behavior_disposition,4
butler_1900,ODYSSEUS,cognitive_evaluation,7
butler_1900,ODYSSEUS,color_hue,7
butler_1900,ODYSSEUS,color_material,14
butler_1900,ODYSSEUS,luminosity,2
butler_1900,ODYSSEUS,moral_evaluation,59
butler_1900,ODYSSEUS,scale_intensity,51
butler_1900,PALACE,affect_state,3
butler_1900,PALACE,agency_capacity,4
butler_1900,PALACE,appearance_age,10
butler_1900,PALACE,moral_evaluation,7
butler_1900,PALACE,scale_intensity,10
butler_1900,PENELOPE,affect_state,5
butler_1900,PENELOPE,appearance_age,4
butler_1900,PENELOPE,cognitive_evaluation,3
butler_1900,PENELOPE,moral_evaluation,4
butler_1900,PENELOPE,scale_intensity,6
butler_1900,PHAEACIANS,appearance_age,2
butler_1900,PHAEACIANS,moral_evaluation,2
butler_1900,POSEIDON,affect_state,9
butler_1900,POSEIDON,appearance_age,4
butler_1900,POSEIDON,behavior_disposition,2
butler_1900,POSEIDON,color_hue,3
butler_1900,POSEIDON,moral_evaluation,4
butler_1900,POSEIDON,scale_intensity,10
butler_1900,SEA,affect_state,6
butler_1900,SEA,appearance_age,14
butler_1900,SEA,color_hue,20
butler_1900,SEA,moral_evaluation,4
butler_1900,SEA,scale_intensity,38
butler_1900,SHIP,agency_capacity,2
butler_1900,SHIP,color_hue,3
butler_1900,SHIP,moral_evaluation,4
butler_1900,SHIP,scale_intensity,8
butler_1900,SKY,moral_evaluation,9
butler_1900,SKY,scale_intensity,10
butler_1900,SORROW,affect_state,2
butler_1900,SORROW,appearance_age,2
butler_1900,SORROW,scale_intensity,7
butler_1900,SPEAR,agency_capacity,3
butler_1900,SPEAR,color_material,4
butler_1900,SPEAR,scale_intensity,2
butler_1900,SPEECH,appearance_age,3
butler_1900,SPEECH,behavior_disposition,2
butler_1900,SPEECH,moral_evaluation,6
butler_1900,STORM,appearance_age,19
butler_1900,STORM,scale_intensity,2
butler_1900,SUITORS,affect_state,3
butler_1900,SUITORS,appearance_age,2
butler_1900,SUITORS,behavior_disposition,3
butler_1900,SUITORS,moral_evaluation,14
butler_1900,SUN,moral_evaluation,2
butler_1900,SUN,scale_intensity,3
butler_1900,SWORD,appearance_age,3
butler_1900,SWORD,cognitive_evaluation,3
butler_1900,SWORD,color_material,4
butler_1900,TEIRESIAS,appearance_age,3
butler_1900,TEIRESIAS,color_hue,2
butler_1900,TEIRESIAS,color_material,2
butler_1900,TELEMACHUS,affect_state,7
butler_1900,TELEMACHUS,agency_capacity,3
butler_1900,TELEMACHUS,appearance_age,5
butler_1900,TELEMACHUS,behavior_disposition,3
butler_1900,TELEMACHUS,color_hue,2
butler_1900,TELEMACHUS,color_material,3
butler_1900,TELEMACHUS,moral_evaluation,17
butler_1900,TELEMACHUS,scale_intensity,12
butler_1900,TROY,moral_evaluation,2
butler_1900,TROY,scale_intensity,2
butler_1900,WINE,appearance_age,2
butler_1900,WINE,color_hue,3
butler_1900,WINE,color_material,3
butler_1900,WINE,moral_evaluation,2
butler_1900,WINE,scale_intensity,4
butler_1900,ZEUS,affect_state,12
butler_1900,ZEUS,agency_capacity,3
butler_1900,ZEUS,appearance_age,13
butler_1900,ZEUS,behavior_disposition,4
butler_1900,ZEUS,cognitive_evaluation,2
butler_1900,ZEUS,color_hue,6
butler_1900,ZEUS,color_material,8
butler_1900,ZEUS,moral_evaluation,18
butler_1900,ZEUS,scale_intensity,22
butler_1900,ZEUS,social_status,2
chapman_1616,ACHAEANS,cognitive_evaluation,2
chapman_1616,ACHAEANS,moral_evaluation,2
chapman_1616,ACHILLES,scale_intensity,3
chapman_1616,AGAMEMNON,affect_state,2
chapman_1616,AGAMEMNON,moral_evaluation,2
chapman_1616,AGAMEMNON,scale_intensity,2
chapman_1616,ALCINOUS,affect_state,2
chapman_1616,ALCINOUS,appearance_age,3
chapman_1616,ALCINOUS,color_material,4
chapman_1616,ALCINOUS,moral_evaluation,4
chapman_1616,ALCINOUS,scale_intensity,4
chapman_1616,ALCINOUS,social_status,2
chapman_1616,AMPHINOMUS,behavior_disposition,3
chapman_1616,AMPHINOMUS,moral_evaluation,2
chapman_1616,ANGER,behavior_disposition,2
chapman_1616,ANGER,moral_evaluation,4
chapman_1616,ANGER,scale_intensity,5
chapman_1616,ANTINOUS,affect_state,4
chapman_1616,ANTINOUS,appearance_age,4
chapman_1616,ANTINOUS,moral_evaluation,4
chapman_1616,ANTINOUS,scale_intensity,4
chapman_1616,ANTINOUS,social_status,5
chapman_1616,ARETE,appearance_age,2
chapman_1616,ARETE,color_hue,2
chapman_1616,ARETE,moral_evaluation,2
chapman_1616,ATHENA,affect_state,4
chapman_1616,ATHENA,agency_capacity,3
chapman_1616,ATHENA,appearance_age,14
chapman_1616,ATHENA,behavior_disposition,3
chapman_1616,ATHENA,cognitive_evaluation,9
chapman_1616,ATHENA,color_complex,3
chapman_1616,ATHENA,color_hue,9
chapman_1616,ATHENA,color_material,8
chapman_1616,ATHENA,luminosity,2
chapman_1616,ATHENA,moral_evaluation,24
chapman_1616,ATHENA,scale_intensity,30
chapman_1616,ATHENA,social_status,4
chapman_1616,BLOOD,cognitive_evaluation,2
chapman_1616,BLOOD,color_hue,5
chapman_1616,BLOOD,moral_evaluation,6
chapman_1616,BLOOD,scale_intensity,2
chapman_1616,BOW,behavior_disposition,2
chapman_1616,BOW,cognitive_evaluation,3
chapman_1616,BOW,color_material,3
chapman_1616,BOW,moral_evaluation,2
chapman_1616,BOW,scale_intensity,2
chapman_1616,CALYPSO,appearance_age,2
chapman_1616,CALYPSO,moral_evaluation,2
chapman_1616,CIRCE,affect_state,2
chapman_1616,CIRCE,agency_capacity,3
chapman_1616,CIRCE,appearance_age,10
chapman_1616,CIRCE,behavior_disposition,2
chapman_1616,CIRCE,cognitive_evaluation,3
chapman_1616,CIRCE,color_hue,2
chapman_1616,CIRCE,color_material,4
chapman_1616,CIRCE,luminosity,2
chapman_1616,CIRCE,moral_evaluation,8
chapman_1616,CIRCE,scale_intensity,17
chapman_1616,CIRCE,social_status,3
chapman_1616,CLYTEMNESTRA,moral_evaluation,2
chapman_1616,DAWN,moral_evaluation,3
chapman_1616,DEATH,affect_state,8
chapman_1616,DEATH,appearance_age,2
chapman_1616,DEATH,color_hue,3
chapman_1616,DEATH,moral_evaluation,11
chapman_1616,DEATH,scale_intensity,11
chapman_1616,DEMODOCUS,moral_evaluation,5
chapman_1616,DEMODOCUS,scale_intensity,2
chapman_1616,EARTH,affect_state,3
chapman_1616,EARTH,agency_capacity,2
chapman_1616,EARTH,appearance_age,3
chapman_1616,EARTH,color_hue,4
chapman_1616,EARTH,moral_evaluation,8
chapman_1616,EARTH,scale_intensity,8
chapman_1616,EURYCLEIA,appearance_age,9
chapman_1616,EURYCLEIA,scale_intensity,2
chapman_1616,EURYMACHUS,scale_intensity,7
chapman_1616,FATE,affect_state,3
chapman_1616,FATE,color_hue,4
chapman_1616,FATE,moral_evaluation,5
chapman_1616,FIRE,appearance_age,4
chapman_1616,FIRE,cognitive_evaluation,2
chapman_1616,FIRE,color_hue,5
chapman_1616,FIRE,color_material,4
chapman_1616,FIRE,luminosity,2
chapman_1616,FIRE,moral_evaluation,9
chapman_1616,FIRE,scale_intensity,3
chapman_1616,FIRE,social_status,2
chapman_1616,GENERIC_CAVE,scale_intensity,2
chapman_1616,GENERIC_CITY,appearance_age,2
chapman_1616,GENERIC_CITY,scale_intensity,7
chapman_1616,GENERIC_DAUGHTER,appearance_age,2
chapman_1616,GENERIC_DAUGHTER,scale_intensity,4
chapman_1616,GENERIC_FATHER,affect_state,2
chapman_1616,GENERIC_FATHER,appearance_age,6
chapman_1616,GENERIC_FATHER,color_material,2
chapman_1616,GENERIC_FATHER,moral_evaluation,8
chapman_1616,GENERIC_FATHER,scale_intensity,9
chapman_1616,GENERIC_FATHER,social_status,6
chapman_1616,GENERIC_FRIEND,agency_capacity,4
chapman_1616,GENERIC_FRIEND,appearance_age,2
chapman_1616,GENERIC_FRIEND,moral_evaluation,2
chapman_1616,GENERIC_GOD,appearance_age,3
chapman_1616,GENERIC_GOD,moral_evaluation,6
chapman_1616,GENERIC_GOD,scale_intensity,2
chapman_1616,GENERIC_GODDESS,appearance_age,2
chapman_1616,GENERIC_GODDESS,color_complex,2
chapman_1616,GENERIC_GUEST,appearance_age,8
chapman_1616,GENERIC_GUEST,moral_evaluation,6
chapman_1616,GENERIC_GUEST,scale_intensity,3
chapman_1616,GENERIC_HERO,appearance_age,6
chapman_1616,GENERIC_HERO,scale_intensity,3
chapman_1616,GENERIC_HERO,social_status,2
chapman_1616,GENERIC_HOST,moral_evaluation,3
chapman_1616,GENERIC_KING,appearance_age,5
chapman_1616,GENERIC_KING,color_hue,2
chapman_1616,GENERIC_KING,moral_evaluation,6
chapman_1616,GENERIC_KING,scale_intensity,8
chapman_1616,GENERIC_MAN,affect_state,7
chapman_1616,GENERIC_MAN,agency_capacity,4
chapman_1616,GENERIC_MAN,appearance_age,25
chapman_1616,GENERIC_MAN,behavior_disposition,2
chapman_1616,GENERIC_MAN,cognitive_evaluation,8
chapman_1616,GENERIC_MAN,moral_evaluation,16
chapman_1616,GENERIC_MAN,scale_intensity,7
chapman_1616,GENERIC_MAN,social_status,2
chapman_1616,GENERIC_MOTHER,appearance_age,2
chapman_1616,GENERIC_MOTHER,color_material,2
chapman_1616,GENERIC_MOTHER,moral_evaluation,2
chapman_1616,GENERIC_MOTHER,scale_intensity,2
chapman_1616,GENERIC_QUEEN,cognitive_evaluation,2
chapman_1616,GENERIC_QUEEN,scale_intensity,2
chapman_1616,GENERIC_SHORE,moral_evaluation,2
chapman_1616,GENERIC_SHORE,scale_intensity,4
chapman_1616,GENERIC_SON,affect_state,3
chapman_1616,GENERIC_SON,agency_capacity,4
chapman_1616,GENERIC_SON,appearance_age,8
chapman_1616,GENERIC_SON,behavior_disposition,3
chapman_1616,GENERIC_SON,moral_evaluation,10
chapman_1616,GENERIC_SON,scale_intensity,10
chapman_1616,GENERIC_SON,social_status,4
chapman_1616,GENERIC_STRANGER,moral_evaluation,2
chapman_1616,GENERIC_WIFE,cognitive_evaluation,3
chapman_1616,GENERIC_WIFE,moral_evaluation,2
chapman_1616,GENERIC_WIFE,scale_intensity,3
chapman_1616,GENERIC_WOMAN,moral_evaluation,2
chapman_1616,GODS,appearance_age,4
chapman_1616,GODS,moral_evaluation,11
chapman_1616,GODS,scale_intensity,12
chapman_1616,GODS,social_status,2
chapman_1616,HELEN,appearance_age,4
chapman_1616,HELEN,color_material,3
chapman_1616,HELEN,moral_evaluation,4
chapman_1616,HELEN,scale_intensity,2
chapman_1616,HERA,color_material,4
chapman_1616,HERMES,color_material,3
chapman_1616,HERMES,moral_evaluation,5
chapman_1616,HOME,appearance_age,3
chapman_1616,HOME,moral_evaluation,6
chapman_1616,HOME,scale_intensity,7
chapman_1616,HOME,social_status,2
chapman_1616,ITHACA,appearance_age,2
chapman_1616,ITHACA,scale_intensity,2
chapman_1616,JOURNEY,affect_state,2
chapman_1616,JOURNEY,moral_evaluation,5
chapman_1616,JOURNEY,scale_intensity,3
chapman_1616,LAERTES,appearance_age,21
chapman_1616,LAERTES,behavior_disposition,2
chapman_1616,LAERTES,moral_evaluation,8
chapman_1616,LAERTES,scale_intensity,8
chapman_1616,MENELAUS,appearance_age,2
chapman_1616,MENELAUS,color_hue,2
chapman_1616,MENELAUS,color_material,3
chapman_1616,MENELAUS,moral_evaluation,2
chapman_1616,MIND,affect_state,12
chapman_1616,MIND,agency_capacity,2
chapman_1616,MIND,appearance_age,7
chapman_1616,MIND,behavior_disposition,2
chapman_1616,MIND,cognitive_evaluation,8
chapman_1616,MIND,color_hue,2
chapman_1616,MIND,moral_evaluation,21
chapman_1616,MIND,scale_intensity,27
chapman_1616,MIND,social_status,2
chapman_1616,MORTALS,affect_state,3
chapman_1616,MORTALS,agency_capacity,6
chapman_1616,MORTALS,appearance_age,15
chapman_1616,MORTALS,behavior_disposition,3
chapman_1616,MORTALS,cognitive_evaluation,6
chapman_1616,MORTALS,color_material,2
chapman_1616,MORTALS,moral_evaluation,25
chapman_1616,MORTALS,scale_intensity,18
chapman_1616,MORTALS,social_status,2
chapman_1616,NAUSICAA,appearance_age,3
chapman_1616,NAUSICAA,color_hue,2
chapman_1616,NAUSICAA,luminosity,3
chapman_1616,NESTOR,agency_capacity,3
chapman_1616,NESTOR,appearance_age,10
chapman_1616,NESTOR,cognitive_evaluation,2
chapman_1616,NESTOR,color_material,3
chapman_1616,NESTOR,moral_evaluation,5
chapman_1616,NESTOR,scale_intensity,4
chapman_1616,NIGHT,affect_state,2
chapman_1616,NIGHT,color_hue,3
chapman_1616,NIGHT,moral_evaluation,3
chapman_1616,NIGHT,scale_intensity,5
chapman_1616,ODYSSEUS,affect_state,25
chapman_1616,ODYSSEUS,agency_capacity,13
chapman_1616,ODYSSEUS,appearance_age,38
chapman_1616,ODYSSEUS,behavior_disposition,9
chapman_1616,ODYSSEUS,cognitive_evaluation,21
chapman_1616,ODYSSEUS,color_complex,3
chapman_1616,ODYSSEUS,color_hue,14
chapman_1616,ODYSSEUS,color_material,9
chapman_1616,ODYSSEUS,luminosity,3
chapman_1616,ODYSSEUS,moral_evaluation,86
chapman_1616,ODYSSEUS,scale_intensity,70
chapman_1616,ODYSSEUS,social_status,15
chapman_1616,ORESTES,moral_evaluation,4
chapman_1616,ORESTES,scale_intensity,2
chapman_1616,PALACE,appearance_age,7
chapman_1616,PALACE,cognitive_evaluation,3
chapman_1616,PALACE,color_hue,6
chapman_1616,PALACE,color_material,3
chapman_1616,PALACE,luminosity,2
chapman_1616,PALACE,moral_evaluation,6
chapman_1616,PALACE,scale_intensity,13
chapman_1616,PALACE,social_status,4
chapman_1616,PENELOPE,appearance_age,2
chapman_1616,PENELOPE,cognitive_evaluation,10
chapman_1616,PENELOPE,moral_evaluation,6
chapman_1616,PENELOPE,scale_intensity,4
chapman_1616,PENELOPE,social_status,2
chapman_1616,PHAEACIANS,moral_evaluation,2
chapman_1616,POSEIDON,affect_state,3
chapman_1616,POSEIDON,agency_capacity,2
chapman_1616,POSEIDON,appearance_age,5
chapman_1616,POSEIDON,behavior_disposition,3
chapman_1616,POSEIDON,color_material,4
chapman_1616,POSEIDON,moral_evaluation,9
chapman_1616,POSEIDON,scale_intensity,12
chapman_1616,SEA,affect_state,4
chapman_1616,SEA,agency_capacity,3
chapman_1616,SEA,appearance_age,17
chapman_1616,SEA,color_hue,16
chapman_1616,SEA,color_material,2
chapman_1616,SEA,luminosity,2
chapman_1616,SEA,moral_evaluation,7
chapman_1616,SEA,scale_intensity,42
chapman_1616,SEA,social_status,3
chapman_1616,SHIP,agency_capacity,2
chapman_1616,SHIP,appearance_age,9
chapman_1616,SHIP,color_hue,4
chapman_1616,SHIP,color_material,2
chapman_1616,SHIP,moral_evaluation,3
chapman_1616,SHIP,scale_intensity,6
chapman_1616,SHIP,social_status,3
chapman_1616,SKY,color_hue,2
chapman_1616,SORROW,moral_evaluation,4
chapman_1616,SORROW,scale_intensity,4
chapman_1616,SPEAR,agency_capacity,2
chapman_1616,SPEAR,appearance_age,4
chapman_1616,SPEAR,cognitive_evaluation,2
chapman_1616,SPEAR,scale_intensity,5
chapman_1616,SPEECH,affect_state,4
chapman_1616,SPEECH,appearance_age,8
chapman_1616,SPEECH,cognitive_evaluation,5
chapman_1616,SPEECH,moral_evaluation,17
chapman_1616,SPEECH,scale_intensity,2
chapman_1616,STORM,behavior_disposition,3
chapman_1616,STORM,color_hue,3
chapman_1616,STORM,scale_intensity,4
chapman_1616,STORM,social_status,4
chapman_1616,SUITORS,agency_capacity,2
chapman_1616,SUITORS,behavior_disposition,6
chapman_1616,SUITORS,cognitive_evaluation,2
chapman_1616,SUITORS,moral_evaluation,10
chapman_1616,SUITORS,scale_intensity,8
chapman_1616,SUN,affect_state,2
chapman_1616,SUN,color_hue,4
chapman_1616,SUN,luminosity,2
chapman_1616,SUN,moral_evaluation,3
chapman_1616,SUN,scale_intensity,3
chapman_1616,SWORD,appearance_age,2
chapman_1616,SWORD,social_status,2
chapman_1616,TEIRESIAS,cognitive_evaluation,4
chapman_1616,TEIRESIAS,color_hue,3
chapman_1616,TEIRESIAS,color_material,2
chapman_1616,TEIRESIAS,moral_evaluation,6
chapman_1616,TEIRESIAS,scale_intensity,8
chapman_1616,TELEMACHUS,affect_state,4
chapman_1616,TELEMACHUS,agency_capacity,3
chapman_1616,TELEMACHUS,appearance_age,10
chapman_1616,TELEMACHUS,behavior_disposition,3
chapman_1616,TELEMACHUS,cognitive_evaluation,3
chapman_1616,TELEMACHUS,moral_evaluation,14
chapman_1616,TELEMACHUS,scale_intensity,12
chapman_1616,TELEMACHUS,social_status,2
chapman_1616,TROY,scale_intensity,5
chapman_1616,WAR,appearance_age,2
chapman_1616,WAR,behavior_disposition,2
chapman_1616,WINE,agency_capacity,2
chapman_1616,WINE,behavior_disposition,2
chapman_1616,WINE,color_hue,8
chapman_1616,WINE,color_material,2
chapman_1616,WINE,moral_evaluation,6
chapman_1616,WINE,scale_intensity,4
chapman_1616,ZEUS,affect_state,18
chapman_1616,ZEUS,agency_capacity,4
chapman_1616,ZEUS,appearance_age,22
chapman_1616,ZEUS,behavior_disposition,10
chapman_1616,ZEUS,cognitive_evaluation,8
chapman_1616,ZEUS,color_hue,11
chapman_1616,ZEUS,color_material,8
chapman_1616,ZEUS,moral_evaluation,33
chapman_1616,ZEUS,scale_intensity,52
chapman_1616,ZEUS,social_status,14
cowper_1791,ACHILLES,agency_capacity,2
cowper_1791,AGAMEMNON,behavior_disposition,2
cowper_1791,AGAMEMNON,scale_intensity,2
cowper_1791,ANGER,moral_evaluation,4
cowper_1791,ARETE,moral_evaluation,4
cowper_1791,ARETE,scale_intensity,3
cowper_1791,ATHENA,affect_state,3
cowper_1791,ATHENA,agency_capacity,4
cowper_1791,ATHENA,appearance_age,11
cowper_1791,ATHENA,behavior_disposition,5
cowper_1791,ATHENA,cognitive_evaluation,4
cowper_1791,ATHENA,color_complex,3
cowper_1791,ATHENA,color_hue,4
cowper_1791,ATHENA,color_material,5
cowper_1791,ATHENA,luminosity,4
cowper_1791,ATHENA,moral_evaluation,23
cowper_1791,ATHENA,scale_intensity,14
cowper_1791,ATHENA,social_status,2
cowper_1791,BLOOD,color_hue,4
cowper_1791,BOW,appearance_age,2
cowper_1791,BOW,behavior_disposition,3
cowper_1791,BOW,color_material,3
cowper_1791,BOW,luminosity,3
cowper_1791,BOW,moral_evaluation,2
cowper_1791,BOW,scale_intensity,6
cowper_1791,CALYPSO,appearance_age,2
cowper_1791,CALYPSO,color_material,2
cowper_1791,CALYPSO,moral_evaluation,5
cowper_1791,CIRCE,affect_state,3
cowper_1791,CIRCE,behavior_disposition,2
cowper_1791,CIRCE,color_hue,2
cowper_1791,CIRCE,luminosity,4
cowper_1791,CIRCE,moral_evaluation,13
cowper_1791,CIRCE,scale_intensity,8
cowper_1791,CIRCE,social_status,2
cowper_1791,CLYTEMNESTRA,moral_evaluation,2
cowper_1791,CYCLOPES,color_hue,2
cowper_1791,DAWN,affect_state,2
cowper_1791,DAWN,color_complex,10
cowper_1791,DAWN,color_material,6
cowper_1791,DAWN,moral_evaluation,6
cowper_1791,DAWN,scale_intensity,2
cowper_1791,DEATH,affect_state,5
cowper_1791,DEATH,appearance_age,3
cowper_1791,DEATH,moral_evaluation,4
cowper_1791,DEMODOCUS,moral_evaluation,5
cowper_1791,DEMODOCUS,scale_intensity,3
cowper_1791,EARTH,affect_state,2
cowper_1791,EARTH,agency_capacity,2
cowper_1791,EARTH,color_hue,2
cowper_1791,EARTH,moral_evaluation,5
cowper_1791,EARTH,scale_intensity,11
cowper_1791,EURYCLEIA,appearance_age,3
cowper_1791,EURYCLEIA,cognitive_evaluation,2
cowper_1791,EURYCLEIA,moral_evaluation,5
cowper_1791,EURYMACHUS,appearance_age,2
cowper_1791,EURYMACHUS,cognitive_evaluation,2
cowper_1791,EURYMACHUS,moral_evaluation,4
cowper_1791,EURYMACHUS,scale_intensity,6
cowper_1791,FATE,affect_state,6
cowper_1791,FATE,appearance_age,3
cowper_1791,FATE,behavior_disposition,2
cowper_1791,FATE,scale_intensity,2
cowper_1791,FIRE,affect_state,2
cowper_1791,FIRE,moral_evaluation,2
cowper_1791,GENERIC_CAVE,scale_intensity,2
cowper_1791,GENERIC_CITY,agency_capacity,2
cowper_1791,GENERIC_CITY,luminosity,2
cowper_1791,GENERIC_CITY,scale_intensity,4
cowper_1791,GENERIC_DAUGHTER,agency_capacity,3
cowper_1791,GENERIC_DAUGHTER,appearance_age,6
cowper_1791,GENERIC_DAUGHTER,cognitive_evaluation,5
cowper_1791,GENERIC_DAUGHTER,color_complex,6
cowper_1791,GENERIC_DAUGHTER,scale_intensity,3
cowper_1791,GENERIC_FATHER,affect_state,3
cowper_1791,GENERIC_FATHER,agency_capacity,3
cowper_1791,GENERIC_FATHER,appearance_age,3
cowper_1791,GENERIC_FATHER,moral_evaluation,6
cowper_1791,GENERIC_FATHER,scale_intensity,3
cowper_1791,GENERIC_FATHER,social_status,2
cowper_1791,GENERIC_FRIEND,agency_capacity,2
cowper_1791,GENERIC_FRIEND,appearance_age,8
cowper_1791,GENERIC_FRIEND,moral_evaluation,6
cowper_1791,GENERIC_GOD,moral_evaluation,2
cowper_1791,GENERIC_GODDESS,appearance_age,3
cowper_1791,GENERIC_GODDESS,color_hue,3
cowper_1791,GENERIC_GODDESS,moral_evaluation,2
cowper_1791,GENERIC_GUEST,affect_state,2
cowper_1791,GENERIC_GUEST,appearance_age,3
cowper_1791,GENERIC_GUEST,moral_evaluation,6
cowper_1791,GENERIC_HERO,affect_state,2
cowper_1791,GENERIC_HERO,agency_capacity,2
cowper_1791,GENERIC_HERO,appearance_age,2
cowper_1791,GENERIC_HERO,color_material,2
cowper_1791,GENERIC_HERO,moral_evaluation,2
cowper_1791,GENERIC_HOST,moral_evaluation,3
cowper_1791,GENERIC_KING,appearance_age,5
cowper_1791,GENERIC_KING,moral_evaluation,6
cowper_1791,GENERIC_KING,scale_intensity,4
cowper_1791,GENERIC_MAN,agency_capacity,3
cowper_1791,GENERIC_MAN,appearance_age,8
cowper_1791,GENERIC_MAN,cognitive_evaluation,2
cowper_1791,GENERIC_MAN,moral_evaluation,13
cowper_1791,GENERIC_MAN,scale_intensity,2
cowper_1791,GENERIC_MOTHER,moral_evaluation,2
cowper_1791,GENERIC_MOTHER,social_status,3
cowper_1791,GENERIC_MOUNTAIN,scale_intensity,2
cowper_1791,GENERIC_NYMPH,appearance_age,2
cowper_1791,GENERIC_QUEEN,cognitive_evaluation,4
cowper_1791,GENERIC_QUEEN,moral_evaluation,2
cowper_1791,GENERIC_QUEEN,scale_intensity,4
cowper_1791,GENERIC_SHORE,appearance_age,2
cowper_1791,GENERIC_SHORE,scale_intensity,3
cowper_1791,GENERIC_SON,affect_state,2
cowper_1791,GENERIC_SON,agency_capacity,3
cowper_1791,GENERIC_SON,appearance_age,2
cowper_1791,GENERIC_SON,cognitive_evaluation,3
cowper_1791,GENERIC_SON,luminosity,3
cowper_1791,GENERIC_SON,moral_evaluation,22
cowper_1791,GENERIC_SON,scale_intensity,6
cowper_1791,GENERIC_SON,social_status,2
cowper_1791,GENERIC_STRANGER,moral_evaluation,2
cowper_1791,GENERIC_STRANGER,social_status,2
cowper_1791,GENERIC_WIFE,appearance_age,2
cowper_1791,GENERIC_WIFE,moral_evaluation,3
cowper_1791,GENERIC_WOMAN,appearance_age,2
cowper_1791,GODS,agency_capacity,4
cowper_1791,GODS,appearance_age,4
cowper_1791,GODS,cognitive_evaluation,3
cowper_1791,GODS,moral_evaluation,4
cowper_1791,HELEN,appearance_age,3
cowper_1791,HELEN,color_material,2
cowper_1791,HELEN,luminosity,2
cowper_1791,HELEN,scale_intensity,2
cowper_1791,HERA,scale_intensity,3
cowper_1791,HERMES,moral_evaluation,2
cowper_1791,HOME,affect_state,6
cowper_1791,HOME,appearance_age,5
cowper_1791,HOME,color_material,3
cowper_1791,HOME,moral_evaluation,5
cowper_1791,HOME,scale_intensity,11
cowper_1791,ITHACA,appearance_age,2
cowper_1791,ITHACA,moral_evaluation,3
cowper_1791,ITHACA,scale_intensity,2
cowper_1791,JOURNEY,affect_state,9
cowper_1791,JOURNEY,agency_capacity,2
cowper_1791,JOURNEY,appearance_age,2
cowper_1791,JOURNEY,behavior_disposition,4
cowper_1791,JOURNEY,cognitive_evaluation,12
cowper_1791,JOURNEY,color_hue,2
cowper_1791,JOURNEY,moral_evaluation,6
cowper_1791,JOURNEY,scale_intensity,9
cowper_1791,LAERTES,affect_state,4
cowper_1791,LAERTES,appearance_age,11
cowper_1791,LAERTES,color_material,2
cowper_1791,LAERTES,moral_evaluation,2
cowper_1791,LAERTES,scale_intensity,3
cowper_1791,MELANTHIUS,scale_intensity,2
cowper_1791,MENELAUS,agency_capacity,2
cowper_1791,MENELAUS,behavior_disposition,4
cowper_1791,MENELAUS,cognitive_evaluation,2
cowper_1791,MENELAUS,color_material,6
cowper_1791,MENELAUS,luminosity,2
cowper_1791,MENELAUS,moral_evaluation,6
cowper_1791,MENELAUS,scale_intensity,3
cowper_1791,MIND,affect_state,2
cowper_1791,MIND,agency_capacity,8
cowper_1791,MIND,appearance_age,2
cowper_1791,MIND,moral_evaluation,13
cowper_1791,MIND,scale_intensity,7
cowper_1791,MORTALS,moral_evaluation,2
cowper_1791,NAUSICAA,appearance_age,5
cowper_1791,NESTOR,appearance_age,4
cowper_1791,NESTOR,behavior_disposition,2
cowper_1791,NESTOR,cognitive_evaluation,3
cowper_1791,NESTOR,color_material,3
cowper_1791,NESTOR,luminosity,2
cowper_1791,NESTOR,moral_evaluation,6
cowper_1791,NESTOR,scale_intensity,5
cowper_1791,NESTOR,social_status,3
cowper_1791,NIGHT,affect_state,3
cowper_1791,NIGHT,behavior_disposition,2
cowper_1791,NIGHT,color_hue,5
cowper_1791,NIGHT,moral_evaluation,2
cowper_1791,NIGHT,scale_intensity,5
cowper_1791,ODYSSEUS,affect_state,29
cowper_1791,ODYSSEUS,agency_capacity,23
cowper_1791,ODYSSEUS,appearance_age,20
cowper_1791,ODYSSEUS,behavior_disposition,9
cowper_1791,ODYSSEUS,cognitive_evaluation,52
cowper_1791,ODYSSEUS,color_complex,2
cowper_1791,ODYSSEUS,color_hue,14
cowper_1791,ODYSSEUS,color_material,15
cowper_1791,ODYSSEUS,luminosity,19
cowper_1791,ODYSSEUS,moral_evaluation,59
cowper_1791,ODYSSEUS,scale_intensity,58
cowper_1791,ODYSSEUS,social_status,5
cowper_1791,ORESTES,moral_evaluation,2
cowper_1791,PALACE,appearance_age,7
cowper_1791,PALACE,color_hue,2
cowper_1791,PALACE,color_material,2
cowper_1791,PALACE,luminosity,5
cowper_1791,PALACE,moral_evaluation,8
cowper_1791,PALACE,scale_intensity,6
cowper_1791,PALACE,social_status,5
cowper_1791,PENELOPE,affect_state,2
cowper_1791,PENELOPE,appearance_age,8
cowper_1791,PENELOPE,cognitive_evaluation,9
cowper_1791,PENELOPE,color_hue,2
cowper_1791,PENELOPE,color_material,2
cowper_1791,PENELOPE,luminosity,2
cowper_1791,PENELOPE,moral_evaluation,7
cowper_1791,PENELOPE,scale_intensity,5
cowper_1791,PHAEACIANS,scale_intensity,2
cowper_1791,POSEIDON,affect_state,4
cowper_1791,POSEIDON,color_hue,4
cowper_1791,POSEIDON,luminosity,2
cowper_1791,POSEIDON,moral_evaluation,2
cowper_1791,POSEIDON,scale_intensity,6
cowper_1791,SEA,affect_state,4
cowper_1791,SEA,appearance_age,7
cowper_1791,SEA,color_hue,15
cowper_1791,SEA,color_material,4
cowper_1791,SEA,luminosity,3
cowper_1791,SEA,moral_evaluation,5
cowper_1791,SEA,scale_intensity,152
cowper_1791,SHIP,affect_state,2
cowper_1791,SHIP,moral_evaluation,4
cowper_1791,SHIP,scale_intensity,6
cowper_1791,SORROW,affect_state,2
cowper_1791,SORROW,scale_intensity,7
cowper_1791,SORROW,social_status,2
cowper_1791,SPEAR,agency_capacity,2
cowper_1791,SPEAR,color_material,7
cowper_1791,SPEAR,luminosity,7
cowper_1791,SPEAR,scale_intensity,2
cowper_1791,SPEECH,cognitive_evaluation,4
cowper_1791,SPEECH,color_material,2
cowper_1791,SPEECH,moral_evaluation,14
cowper_1791,SPEECH,scale_intensity,5
cowper_1791,STORM,appearance_age,2
cowper_1791,STORM,behavior_disposition,3
cowper_1791,STORM,color_hue,2
cowper_1791,SUITORS,appearance_age,2
cowper_1791,SUITORS,behavior_disposition,3
cowper_1791,SUITORS,cognitive_evaluation,2
cowper_1791,SUITORS,moral_evaluation,11
cowper_1791,SUITORS,scale_intensity,4
cowper_1791,SUITORS,social_status,3
cowper_1791,SUN,affect_state,2
cowper_1791,SUN,luminosity,9
cowper_1791,SUN,scale_intensity,2
cowper_1791,SWORD,color_material,2
cowper_1791,TEIRESIAS,color_hue,2
cowper_1791,TELEMACHUS,affect_state,5
cowper_1791,TELEMACHUS,agency_capacity,6
cowper_1791,TELEMACHUS,appearance_age,12
cowper_1791,TELEMACHUS,cognitive_evaluation,13
cowper_1791,TELEMACHUS,color_hue,4
cowper_1791,TELEMACHUS,color_material,2
cowper_1791,TELEMACHUS,luminosity,4
cowper_1791,TELEMACHUS,moral_evaluation,24
cowper_1791,TELEMACHUS,scale_intensity,17
cowper_1791,TELEMACHUS,social_status,4
cowper_1791,TROY,scale_intensity,2
cowper_1791,WAR,behavior_disposition,2
cowper_1791,WAR,luminosity,2
cowper_1791,WAR,scale_intensity,3
cowper_1791,WINE,color_complex,2
cowper_1791,WINE,color_hue,8
cowper_1791,WINE,color_material,2
cowper_1791,WINE,scale_intensity,4
cowper_1791,ZEUS,affect_state,5
cowper_1791,ZEUS,agency_capacity,7
cowper_1791,ZEUS,appearance_age,8
cowper_1791,ZEUS,behavior_disposition,7
cowper_1791,ZEUS,cognitive_evaluation,5
cowper_1791,ZEUS,color_hue,3
cowper_1791,ZEUS,color_material,15
cowper_1791,ZEUS,luminosity,6
cowper_1791,ZEUS,moral_evaluation,22
cowper_1791,ZEUS,scale_intensity,30
murray_1919,ACHAEANS,cognitive_evaluation,5
murray_1919,ACHAEANS,color_material,2
murray_1919,ACHAEANS,moral_evaluation,3
murray_1919,ACHAEANS,scale_intensity,7
murray_1919,ACHILLES,color_hue,2
murray_1919,ACHILLES,moral_evaluation,3
murray_1919,ACHILLES,scale_intensity,3
murray_1919,AEGISTHUS,cognitive_evaluation,4
murray_1919,AEGISTHUS,color_material,2
murray_1919,AGAMEMNON,color_material,2
murray_1919,AGAMEMNON,moral_evaluation,3
murray_1919,AGAMEMNON,scale_intensity,4
murray_1919,ALCINOUS,agency_capacity,2
murray_1919,ALCINOUS,cognitive_evaluation,3
murray_1919,ALCINOUS,color_material,2
murray_1919,ALCINOUS,moral_evaluation,4
murray_1919,ALCINOUS,scale_intensity,8
murray_1919,AMPHINOMUS,moral_evaluation,2
murray_1919,ANGER,affect_state,2
murray_1919,ANGER,behavior_disposition,2
murray_1919,ANGER,moral_evaluation,2
murray_1919,ANTINOUS,affect_state,4
murray_1919,ANTINOUS,agency_capacity,2
murray_1919,ANTINOUS,appearance_age,6
murray_1919,ANTINOUS,cognitive_evaluation,3
murray_1919,ANTINOUS,color_hue,4
murray_1919,ANTINOUS,color_material,4
murray_1919,ANTINOUS,moral_evaluation,6
murray_1919,ANTINOUS,scale_intensity,2
murray_1919,ARETE,agency_capacity,2
murray_1919,ARETE,appearance_age,3
murray_1919,ARETE,color_hue,3
murray_1919,ARETE,scale_intensity,2
murray_1919,ATHENA,agency_capacity,4
murray_1919,ATHENA,appearance_age,19
murray_1919,ATHENA,cognitive_evaluation,2
murray_1919,ATHENA,color_hue,4
murray_1919,ATHENA,color_material,16
murray_1919,ATHENA,luminosity,4
murray_1919,ATHENA,moral_evaluation,8
murray_1919,ATHENA,scale_intensity,12
murray_1919,ATHENA,social_status,3
murray_1919,BLOOD,color_hue,11
murray_1919,BLOOD,moral_evaluation,2
murray_1919,BOW,appearance_age,2
murray_1919,BOW,color_hue,3
murray_1919,BOW,color_material,4
murray_1919,BOW,scale_intensity,9
murray_1919,CALYPSO,appearance_age,6
murray_1919,CIRCE,affect_state,3
murray_1919,CIRCE,appearance_age,6
murray_1919,CIRCE,cognitive_evaluation,3
murray_1919,CIRCE,color_hue,2
murray_1919,CIRCE,color_material,4
murray_1919,CIRCE,luminosity,3
murray_1919,CIRCE,moral_evaluation,5
murray_1919,CIRCE,scale_intensity,11
murray_1919,CIRCE,social_status,3
murray_1919,CYCLOPES,color_hue,2
murray_1919,CYCLOPES,scale_intensity,5
murray_1919,DAWN,appearance_age,5
murray_1919,DAWN,color_complex,12
murray_1919,DAWN,color_material,6
murray_1919,DAWN,luminosity,9
murray_1919,DEATH,affect_state,6
murray_1919,DEATH,agency_capacity,2
murray_1919,DEATH,moral_evaluation,7
murray_1919,DEATH,scale_intensity,4
murray_1919,DEMODOCUS,appearance_age,2
murray_1919,DEMODOCUS,cognitive_evaluation,2
murray_1919,DEMODOCUS,moral_evaluation,6
murray_1919,EARTH,appearance_age,7
murray_1919,EARTH,behavior_disposition,2
murray_1919,EARTH,color_hue,5
murray_1919,EARTH,moral_evaluation,11
murray_1919,EARTH,scale_intensity,18
murray_1919,EUMAEUS,appearance_age,2
murray_1919,EURYCLEIA,appearance_age,2
murray_1919,EURYCLEIA,cognitive_evaluation,2
murray_1919,EURYCLEIA,scale_intensity,2
murray_1919,FATE,affect_state,2
murray_1919,FATE,color_hue,8
murray_1919,FATE,moral_evaluation,12
murray_1919,FIRE,color_hue,2
murray_1919,FIRE,scale_intensity,6
murray_1919,GENERIC_CAVE,scale_intensity,5
murray_1919,GENERIC_CITY,appearance_age,3
murray_1919,GENERIC_CITY,scale_intensity,5
murray_1919,GENERIC_DAUGHTER,appearance_age,6
murray_1919,GENERIC_DAUGHTER,cognitive_evaluation,3
murray_1919,GENERIC_DAUGHTER,moral_evaluation,4
murray_1919,GENERIC_DAUGHTER,scale_intensity,3
murray_1919,GENERIC_FATHER,affect_state,2
murray_1919,GENERIC_FATHER,cognitive_evaluation,2
murray_1919,GENERIC_FATHER,color_material,2
murray_1919,GENERIC_FATHER,moral_evaluation,12
murray_1919,GENERIC_FATHER,scale_intensity,7
murray_1919,GENERIC_FRIEND,appearance_age,5
murray_1919,GENERIC_GOD,agency_capacity,2
murray_1919,GENERIC_GOD,color_complex,2
murray_1919,GENERIC_GOD,color_hue,2
murray_1919,GENERIC_GOD,moral_evaluation,3
murray_1919,GENERIC_GODDESS,appearance_age,21
murray_1919,GENERIC_GODDESS,scale_intensity,4
murray_1919,GENERIC_HUSBAND,moral_evaluation,6
murray_1919,GENERIC_KING,moral_evaluation,3
murray_1919,GENERIC_MAN,affect_state,3
murray_1919,GENERIC_MAN,agency_capacity,5
murray_1919,GENERIC_MAN,appearance_age,61
murray_1919,GENERIC_MAN,behavior_disposition,4
murray_1919,GENERIC_MAN,cognitive_evaluation,9
murray_1919,GENERIC_MAN,color_material,2
murray_1919,GENERIC_MAN,moral_evaluation,17
murray_1919,GENERIC_MAN,scale_intensity,13
murray_1919,GENERIC_MOTHER,appearance_age,2
murray_1919,GENERIC_MOTHER,cognitive_evaluation,2
murray_1919,GENERIC_MOTHER,moral_evaluation,5
murray_1919,GENERIC_MOTHER,scale_intensity,3
murray_1919,GENERIC_MOUNTAIN,scale_intensity,6
murray_1919,GENERIC_QUEEN,moral_evaluation,2
murray_1919,GENERIC_RIVER,appearance_age,2
murray_1919,GENERIC_SHORE,scale_intensity,2
murray_1919,GENERIC_SON,affect_state,2
murray_1919,GENERIC_SON,appearance_age,4
murray_1919,GENERIC_SON,behavior_disposition,2
murray_1919,GENERIC_SON,cognitive_evaluation,8
murray_1919,GENERIC_SON,moral_evaluation,4
murray_1919,GENERIC_SON,scale_intensity,4
murray_1919,GENERIC_STRANGER,affect_state,2
murray_1919,GENERIC_STRANGER,appearance_age,3
murray_1919,GENERIC_STRANGER,cognitive_evaluation,2
murray_1919,GENERIC_WIFE,appearance_age,3
murray_1919,GENERIC_WIFE,cognitive_evaluation,2
murray_1919,GENERIC_WIFE,moral_evaluation,5
murray_1919,GENERIC_WIFE,scale_intensity,2
murray_1919,GENERIC_WOMAN,appearance_age,11
murray_1919,GODS,affect_state,2
murray_1919,GODS,appearance_age,3
murray_1919,GODS,behavior_disposition,4
murray_1919,GODS,cognitive_evaluation,2
murray_1919,GODS,moral_evaluation,5
murray_1919,HELEN,appearance_age,5
murray_1919,HELEN,color_hue,2
murray_1919,HELEN,color_material,6
murray_1919,HELEN,scale_intensity,4
murray_1919,HERMES,appearance_age,4
murray_1919,HERMES,cognitive_evaluation,3
murray_1919,HERMES,color_material,7
murray_1919,HERMES,luminosity,2
murray_1919,HERMES,moral_evaluation,2
murray_1919,HOME,affect_state,2
murray_1919,HOME,appearance_age,4
murray_1919,HOME,moral_evaluation,5
murray_1919,HOME,scale_intensity,4
murray_1919,ITHACA,appearance_age,3
murray_1919,ITHACA,cognitive_evaluation,3
murray_1919,ITHACA,color_hue,2
murray_1919,ITHACA,moral_evaluation,2
murray_1919,ITHACA,social_status,2
murray_1919,JOURNEY,affect_state,2
murray_1919,JOURNEY,cognitive_evaluation,3
murray_1919,JOURNEY,moral_evaluation,4
murray_1919,JOURNEY,scale_intensity,5
murray_1919,LAERTES,appearance_age,6
murray_1919,LAERTES,behavior_disposition,2
murray_1919,LAERTES,cognitive_evaluation,3
murray_1919,LAERTES,color_hue,5
murray_1919,LAERTES,color_material,2
murray_1919,LAERTES,luminosity,2
murray_1919,LAERTES,moral_evaluation,3
murray_1919,LAERTES,scale_intensity,7
murray_1919,MELANTHIUS,scale_intensity,4
murray_1919,MENELAUS,appearance_age,2
murray_1919,MENELAUS,color_complex,7
murray_1919,MENELAUS,color_material,6
murray_1919,MENELAUS,moral_evaluation,3
murray_1919,MENELAUS,scale_intensity,2
murray_1919,MIND,affect_state,17
murray_1919,MIND,agency_capacity,2
murray_1919,MIND,appearance_age,5
murray_1919,MIND,behavior_disposition,19
murray_1919,MIND,cognitive_evaluation,15
murray_1919,MIND,moral_evaluation,19
murray_1919,MIND,scale_intensity,25
murray_1919,MOON,appearance_age,2
murray_1919,MORTALS,affect_state,3
murray_1919,MORTALS,appearance_age,26
murray_1919,MORTALS,behavior_disposition,5
murray_1919,MORTALS,cognitive_evaluation,3
murray_1919,MORTALS,moral_evaluation,25
murray_1919,MORTALS,scale_intensity,16
murray_1919,NAUSICAA,appearance_age,2
murray_1919,NAUSICAA,color_hue,3
murray_1919,NAUSICAA,color_material,2
murray_1919,NESTOR,affect_state,2
murray_1919,NESTOR,appearance_age,6
murray_1919,NESTOR,cognitive_evaluation,4
murray_1919,NESTOR,color_hue,2
murray_1919,NESTOR,color_material,2
murray_1919,NESTOR,moral_evaluation,8
murray_1919,NESTOR,scale_intensity,5
murray_1919,NIGHT,affect_state,2
murray_1919,NIGHT,color_hue,5
murray_1919,NIGHT,luminosity,3
murray_1919,NIGHT,scale_intensity,6
murray_1919,ODYSSEUS,affect_state,28
murray_1919,ODYSSEUS,agency_capacity,29
murray_1919,ODYSSEUS,appearance_age,35
murray_1919,ODYSSEUS,behavior_disposition,10
murray_1919,ODYSSEUS,cognitive_evaluation,32
murray_1919,ODYSSEUS,color_complex,3
murray_1919,ODYSSEUS,color_hue,7
murray_1919,ODYSSEUS,color_material,16
murray_1919,ODYSSEUS,luminosity,6
murray_1919,ODYSSEUS,moral_evaluation,81
murray_1919,ODYSSEUS,scale_intensity,63
murray_1919,PALACE,affect_state,2
murray_1919,PALACE,appearance_age,21
murray_1919,PALACE,behavior_disposition,4
murray_1919,PALACE,cognitive_evaluation,5
murray_1919,PALACE,color_material,3
murray_1919,PALACE,luminosity,3
murray_1919,PALACE,moral_evaluation,5
murray_1919,PALACE,scale_intensity,33
murray_1919,PENELOPE,affect_state,2
murray_1919,PENELOPE,appearance_age,6
murray_1919,PENELOPE,behavior_disposition,2
murray_1919,PENELOPE,cognitive_evaluation,50
murray_1919,PENELOPE,color_material,2
murray_1919,PENELOPE,moral_evaluation,10
murray_1919,PENELOPE,scale_intensity,8
murray_1919,POSEIDON,agency_capacity,4
murray_1919,POSEIDON,appearance_age,2
murray_1919,POSEIDON,cognitive_evaluation,5
murray_1919,POSEIDON,moral_evaluation,9
murray_1919,POSEIDON,scale_intensity,8
murray_1919,SEA,affect_state,2
murray_1919,SEA,appearance_age,15
murray_1919,SEA,cognitive_evaluation,2
murray_1919,SEA,color_complex,7
murray_1919,SEA,color_hue,31
murray_1919,SEA,luminosity,9
murray_1919,SEA,moral_evaluation,9
murray_1919,SEA,scale_intensity,88
murray_1919,SHIP,appearance_age,4
murray_1919,SHIP,cognitive_evaluation,2
murray_1919,SHIP,color_hue,46
murray_1919,SHIP,luminosity,5
murray_1919,SHIP,moral_evaluation,3
murray_1919,SHIP,scale_intensity,13
murray_1919,SHIP,social_status,3
murray_1919,SKY,luminosity,2
murray_1919,SKY,moral_evaluation,2
murray_1919,SORROW,affect_state,9
murray_1919,SORROW,cognitive_evaluation,3
murray_1919,SORROW,moral_evaluation,3
murray_1919,SORROW,scale_intensity,10
murray_1919,SPEAR,color_complex,3
murray_1919,SPEAR,color_material,12
murray_1919,SPEAR,scale_intensity,15
murray_1919,SPEECH,affect_state,5
murray_1919,SPEECH,appearance_age,3
murray_1919,SPEECH,behavior_disposition,3
murray_1919,SPEECH,cognitive_evaluation,8
murray_1919,SPEECH,moral_evaluation,34
murray_1919,STORM,affect_state,3
murray_1919,STORM,agency_capacity,5
murray_1919,STORM,appearance_age,8
murray_1919,STORM,behavior_disposition,4
murray_1919,STORM,moral_evaluation,8
murray_1919,SUITORS,appearance_age,4
murray_1919,SUITORS,behavior_disposition,5
murray_1919,SUITORS,cognitive_evaluation,3
murray_1919,SUITORS,moral_evaluation,16
murray_1919,SUITORS,scale_intensity,2
murray_1919,SUITORS,social_status,10
murray_1919,SUN,luminosity,6
murray_1919,SUN,moral_evaluation,2
murray_1919,SUN,scale_intensity,7
murray_1919,SWORD,agency_capacity,2
murray_1919,SWORD,appearance_age,2
murray_1919,SWORD,color_material,6
murray_1919,SWORD,luminosity,2
murray_1919,SWORD,scale_intensity,4
murray_1919,TEIRESIAS,appearance_age,2
murray_1919,TEIRESIAS,color_material,2
murray_1919,TELEMACHUS,agency_capacity,7
murray_1919,TELEMACHUS,appearance_age,10
murray_1919,TELEMACHUS,cognitive_evaluation,48
murray_1919,TELEMACHUS,color_hue,4
murray_1919,TELEMACHUS,color_material,4
murray_1919,TELEMACHUS,moral_evaluation,15
murray_1919,TELEMACHUS,scale_intensity,20
murray_1919,TROY,moral_evaluation,2
murray_1919,WAR,moral_evaluation,10
murray_1919,WAR,scale_intensity,3
murray_1919,WINE,appearance_age,3
murray_1919,WINE,cognitive_evaluation,4
murray_1919,WINE,color_hue,9
murray_1919,WINE,color_material,3
murray_1919,WINE,moral_evaluation,3
murray_1919,WINE,scale_intensity,3
murray_1919,ZEUS,affect_state,8
murray_1919,ZEUS,agency_capacity,6
murray_1919,ZEUS,appearance_age,27
murray_1919,ZEUS,behavior_disposition,2
murray_1919,ZEUS,cognitive_evaluation,10
murray_1919,ZEUS,color_complex,2
murray_1919,ZEUS,color_hue,10
murray_1919,ZEUS,color_material,16
murray_1919,ZEUS,luminosity,7
murray_1919,ZEUS,moral_evaluation,34
murray_1919,ZEUS,scale_intensity,60
pope_1726,ACHAEANS,behavior_disposition,2
pope_1726,ACHAEANS,scale_intensity,2
pope_1726,ACHILLES,agency_capacity,2
pope_1726,ACHILLES,appearance_age,2
pope_1726,ACHILLES,behavior_disposition,4
pope_1726,ACHILLES,cognitive_evaluation,2
pope_1726,ACHILLES,moral_evaluation,2
pope_1726,ACHILLES,scale_intensity,11
pope_1726,ALCINOUS,affect_state,2
pope_1726,ALCINOUS,agency_capacity,2
pope_1726,ALCINOUS,behavior_disposition,2
pope_1726,ALCINOUS,cognitive_evaluation,2
pope_1726,ALCINOUS,color_material,4
pope_1726,ALCINOUS,luminosity,4
pope_1726,ALCINOUS,moral_evaluation,8
pope_1726,ALCINOUS,scale_intensity,13
pope_1726,ALCINOUS,social_status,3
pope_1726,ANGER,agency_capacity,5
pope_1726,ANGER,appearance_age,5
pope_1726,ANGER,behavior_disposition,8
pope_1726,ANGER,cognitive_evaluation,3
pope_1726,ANGER,color_hue,2
pope_1726,ANGER,moral_evaluation,11
pope_1726,ANGER,scale_intensity,2
pope_1726,ANTINOUS,affect_state,2
pope_1726,ANTINOUS,behavior_disposition,7
pope_1726,ANTINOUS,cognitive_evaluation,2
pope_1726,ANTINOUS,color_material,2
pope_1726,ANTINOUS,luminosity,3
pope_1726,ANTINOUS,moral_evaluation,6
pope_1726,ANTINOUS,scale_intensity,6
pope_1726,ANTINOUS,social_status,2
pope_1726,ARETE,behavior_disposition,3
pope_1726,ARETE,color_hue,2
pope_1726,ARETE,luminosity,2
pope_1726,ATHENA,affect_state,3
pope_1726,ATHENA,agency_capacity,8
pope_1726,ATHENA,appearance_age,8
pope_1726,ATHENA,behavior_disposition,4
pope_1726,ATHENA,cognitive_evaluation,3
pope_1726,ATHENA,color_material,8
pope_1726,ATHENA,luminosity,7
pope_1726,ATHENA,moral_evaluation,14
pope_1726,ATHENA,scale_intensity,23
pope_1726,ATHENA,social_status,4
pope_1726,BLOOD,behavior_disposition,2
pope_1726,BLOOD,color_hue,6
pope_1726,BLOOD,moral_evaluation,2
pope_1726,BLOOD,scale_intensity,2
pope_1726,BOW,agency_capacity,2
pope_1726,BOW,appearance_age,2
pope_1726,BOW,color_material,2
pope_1726,BOW,scale_intensity,2
pope_1726,CALYPSO,agency_capacity,2
pope_1726,CALYPSO,appearance_age,2
pope_1726,CALYPSO,scale_intensity,3
pope_1726,CIRCE,affect_state,5
pope_1726,CIRCE,appearance_age,2
pope_1726,CIRCE,behavior_disposition,3
pope_1726,CIRCE,color_hue,2
pope_1726,CIRCE,luminosity,2
pope_1726,CIRCE,moral_evaluation,5
pope_1726,CIRCE,scale_intensity,4
pope_1726,CLYTEMNESTRA,moral_evaluation,2
pope_1726,DAWN,color_complex,9
pope_1726,DAWN,color_hue,2
pope_1726,DEATH,affect_state,2
pope_1726,DEATH,behavior_disposition,2
pope_1726,DEATH,color_hue,4
pope_1726,DEATH,moral_evaluation,3
pope_1726,DEATH,scale_intensity,6
pope_1726,DEMODOCUS,moral_evaluation,2
pope_1726,EARTH,affect_state,5
pope_1726,EARTH,appearance_age,3
pope_1726,EARTH,behavior_disposition,2
pope_1726,EARTH,color_hue,5
pope_1726,EARTH,luminosity,5
pope_1726,EARTH,moral_evaluation,10
pope_1726,EARTH,scale_intensity,12
pope_1726,EARTH,social_status,2
pope_1726,EUMAEUS,affect_state,3
pope_1726,EUMAEUS,agency_capacity,4
pope_1726,EUMAEUS,appearance_age,3
pope_1726,EUMAEUS,behavior_disposition,7
pope_1726,EUMAEUS,cognitive_evaluation,2
pope_1726,EUMAEUS,luminosity,3
pope_1726,EUMAEUS,moral_evaluation,14
pope_1726,EUMAEUS,scale_intensity,5
pope_1726,EUMAEUS,social_status,3
pope_1726,EURYCLEIA,affect_state,2
pope_1726,EURYCLEIA,appearance_age,5
pope_1726,EURYCLEIA,cognitive_evaluation,2
pope_1726,EURYCLEIA,scale_intensity,3
pope_1726,EURYCLEIA,social_status,2
pope_1726,EURYMACHUS,behavior_disposition,2
pope_1726,EURYMACHUS,color_material,2
pope_1726,EURYMACHUS,moral_evaluation,3
pope_1726,EURYMACHUS,scale_intensity,4
pope_1726,FATE,affect_state,5
pope_1726,FATE,agency_capacity,2
pope_1726,FATE,appearance_age,2
pope_1726,FATE,color_hue,6
pope_1726,FATE,moral_evaluation,10
pope_1726,FATE,scale_intensity,10
pope_1726,FATE,social_status,3
pope_1726,FIRE,color_material,5
pope_1726,FIRE,moral_evaluation,5
pope_1726,GENERIC_DAUGHTER,appearance_age,3
pope_1726,GENERIC_DAUGHTER,scale_intensity,2
pope_1726,GENERIC_FATHER,behavior_disposition,2
pope_1726,GENERIC_FATHER,moral_evaluation,6
pope_1726,GENERIC_FATHER,scale_intensity,7
pope_1726,GENERIC_FRIEND,appearance_age,4
pope_1726,GENERIC_FRIEND,moral_evaluation,9
pope_1726,GENERIC_FRIEND,scale_intensity,3
pope_1726,GENERIC_FRIEND,social_status,2
pope_1726,GENERIC_GOD,affect_state,2
pope_1726,GENERIC_GOD,agency_capacity,2
pope_1726,GENERIC_GOD,appearance_age,4
pope_1726,GENERIC_GOD,luminosity,2
pope_1726,GENERIC_GOD,moral_evaluation,7
pope_1726,GENERIC_GOD,scale_intensity,5
pope_1726,GENERIC_GODDESS,moral_evaluation,2
pope_1726,GENERIC_GODDESS,scale_intensity,3
pope_1726,GENERIC_GUEST,affect_state,3
pope_1726,GENERIC_GUEST,appearance_age,3
pope_1726,GENERIC_GUEST,behavior_disposition,6
pope_1726,GENERIC_GUEST,moral_evaluation,6
pope_1726,GENERIC_GUEST,scale_intensity,3
pope_1726,GENERIC_GUEST,social_status,9
pope_1726,GENERIC_HERO,affect_state,5
pope_1726,GENERIC_HERO,agency_capacity,2
pope_1726,GENERIC_HERO,appearance_age,5
pope_1726,GENERIC_HERO,behavior_disposition,2
pope_1726,GENERIC_HERO,color_material,2
pope_1726,GENERIC_HERO,moral_evaluation,3
pope_1726,GENERIC_HOST,agency_capacity,2
pope_1726,GENERIC_HOST,moral_evaluation,2
pope_1726,GENERIC_KING,affect_state,2
pope_1726,GENERIC_KING,agency_capacity,3
pope_1726,GENERIC_KING,appearance_age,2
pope_1726,GENERIC_KING,behavior_disposition,3
pope_1726,GENERIC_KING,color_material,3
pope_1726,GENERIC_KING,moral_evaluation,6
pope_1726,GENERIC_KING,scale_intensity,3
pope_1726,GENERIC_KING,social_status,2
pope_1726,GENERIC_MAN,affect_state,6
pope_1726,GENERIC_MAN,agency_capacity,6
pope_1726,GENERIC_MAN,appearance_age,8
pope_1726,GENERIC_MAN,cognitive_evaluation,7
pope_1726,GENERIC_MAN,moral_evaluation,17
pope_1726,GENERIC_MAN,scale_intensity,10
pope_1726,GENERIC_MAN,social_status,2
pope_1726,GENERIC_MOTHER,social_status,3
pope_1726,GENERIC_NYMPH,appearance_age,3
pope_1726,GENERIC_NYMPH,color_material,3
pope_1726,GENERIC_NYMPH,moral_evaluation,3
pope_1726,GENERIC_QUEEN,affect_state,4
pope_1726,GENERIC_QUEEN,appearance_age,2
pope_1726,GENERIC_QUEEN,cognitive_evaluation,4
pope_1726,GENERIC_QUEEN,luminosity,2
pope_1726,GENERIC_QUEEN,moral_evaluation,7
pope_1726,GENERIC_SERVANT,moral_evaluation,4
pope_1726,GENERIC_SHORE,affect_state,3
pope_1726,GENERIC_SHORE,behavior_disposition,4
pope_1726,GENERIC_SHORE,color_hue,3
pope_1726,GENERIC_SHORE,moral_evaluation,2
pope_1726,GENERIC_SHORE,scale_intensity,8
pope_1726,GENERIC_SLAVE,behavior_disposition,2
pope_1726,GENERIC_SLAVE,moral_evaluation,5
pope_1726,GENERIC_SON,affect_state,3
pope_1726,GENERIC_SON,appearance_age,2
pope_1726,GENERIC_SON,behavior_disposition,4
pope_1726,GENERIC_SON,cognitive_evaluation,2
pope_1726,GENERIC_SON,moral_evaluation,11
pope_1726,GENERIC_SON,scale_intensity,5
pope_1726,GENERIC_SON,social_status,3
pope_1726,GENERIC_STRANGER,affect_state,2
pope_1726,GENERIC_STRANGER,appearance_age,2
pope_1726,GENERIC_STRANGER,behavior_disposition,4
pope_1726,GENERIC_STRANGER,luminosity,2
pope_1726,GENERIC_STRANGER,moral_evaluation,11
pope_1726,GENERIC_STRANGER,scale_intensity,2
pope_1726,GENERIC_WOMAN,moral_evaluation,2
pope_1726,GODS,affect_state,4
pope_1726,GODS,appearance_age,3
pope_1726,GODS,cognitive_evaluation,2
pope_1726,GODS,moral_evaluation,17
pope_1726,GODS,scale_intensity,6
pope_1726,HELEN,color_material,2
pope_1726,HELEN,luminosity,3
pope_1726,HELEN,scale_intensity,3
pope_1726,HELEN,social_status,2
pope_1726,HERMES,agency_capacity,2
pope_1726,HERMES,behavior_disposition,2
pope_1726,HERMES,luminosity,2
pope_1726,HERMES,moral_evaluation,2
pope_1726,HERMES,scale_intensity,2
pope_1726,HOME,scale_intensity,7
pope_1726,ITHACA,appearance_age,2
pope_1726,ITHACA,scale_intensity,2
pope_1726,JOURNEY,affect_state,7
pope_1726,JOURNEY,appearance_age,2
pope_1726,JOURNEY,behavior_disposition,2
pope_1726,JOURNEY,luminosity,3
pope_1726,JOURNEY,moral_evaluation,6
pope_1726,JOURNEY,scale_intensity,4
pope_1726,JOURNEY,social_status,3
pope_1726,LAERTES,affect_state,8
pope_1726,LAERTES,appearance_age,11
pope_1726,LAERTES,behavior_disposition,2
pope_1726,LAERTES,moral_evaluation,10
pope_1726,LAERTES,scale_intensity,5
pope_1726,MELANTHIUS,moral_evaluation,3
pope_1726,MELANTHIUS,scale_intensity,2
pope_1726,MELANTHO,appearance_age,2
pope_1726,MENELAUS,cognitive_evaluation,2
pope_1726,MENELAUS,moral_evaluation,3
pope_1726,MENELAUS,scale_intensity,2
pope_1726,MIND,affect_state,19
pope_1726,MIND,agency_capacity,4
pope_1726,MIND,appearance_age,5
pope_1726,MIND,behavior_disposition,19
pope_1726,MIND,cognitive_evaluation,11
pope_1726,MIND,moral_evaluation,24
pope_1726,MIND,scale_intensity,16
pope_1726,MIND,social_status,7
pope_1726,MORTALS,affect_state,2
pope_1726,MORTALS,appearance_age,2
pope_1726,MORTALS,behavior_disposition,6
pope_1726,MORTALS,moral_evaluation,16
pope_1726,MORTALS,scale_intensity,2
pope_1726,NAUSICAA,luminosity,4
pope_1726,NAUSICAA,moral_evaluation,2
pope_1726,NAUSICAA,social_status,3
pope_1726,NESTOR,affect_state,3
pope_1726,NESTOR,appearance_age,8
pope_1726,NESTOR,behavior_disposition,3
pope_1726,NESTOR,luminosity,2
pope_1726,NESTOR,moral_evaluation,5
pope_1726,NESTOR,scale_intensity,4
pope_1726,NESTOR,social_status,2
pope_1726,NIGHT,affect_state,2
pope_1726,NIGHT,color_hue,6
pope_1726,NIGHT,moral_evaluation,4
pope_1726,NIGHT,scale_intensity,5
pope_1726,ODYSSEUS,affect_state,23
pope_1726,ODYSSEUS,agency_capacity,14
pope_1726,ODYSSEUS,appearance_age,30
pope_1726,ODYSSEUS,behavior_disposition,21
pope_1726,ODYSSEUS,cognitive_evaluation,12
pope_1726,ODYSSEUS,color_hue,18
pope_1726,ODYSSEUS,color_material,13
pope_1726,ODYSSEUS,luminosity,13
pope_1726,ODYSSEUS,moral_evaluation,45
pope_1726,ODYSSEUS,scale_intensity,77
pope_1726,ODYSSEUS,social_status,16
pope_1726,ORESTES,appearance_age,3
pope_1726,PALACE,agency_capacity,2
pope_1726,PALACE,appearance_age,2
pope_1726,PALACE,behavior_disposition,2
pope_1726,PALACE,color_hue,2
pope_1726,PALACE,moral_evaluation,5
pope_1726,PALACE,scale_intensity,4
pope_1726,PALACE,social_status,2
pope_1726,PENELOPE,appearance_age,2
pope_1726,PENELOPE,behavior_disposition,2
pope_1726,PENELOPE,moral_evaluation,10
pope_1726,PENELOPE,scale_intensity,4
pope_1726,PENELOPE,social_status,4
pope_1726,POSEIDON,affect_state,8
pope_1726,POSEIDON,appearance_age,4
pope_1726,POSEIDON,behavior_disposition,3
pope_1726,POSEIDON,color_hue,2
pope_1726,POSEIDON,luminosity,2
pope_1726,POSEIDON,moral_evaluation,8
pope_1726,POSEIDON,scale_intensity,9
pope_1726,POSEIDON,social_status,2
pope_1726,SEA,affect_state,8
pope_1726,SEA,agency_capacity,4
pope_1726,SEA,appearance_age,13
pope_1726,SEA,behavior_disposition,9
pope_1726,SEA,color_hue,17
pope_1726,SEA,color_material,8
pope_1726,SEA,luminosity,6
pope_1726,SEA,moral_evaluation,10
pope_1726,SEA,scale_intensity,104
pope_1726,SHIP,appearance_age,4
pope_1726,SHIP,color_hue,2
pope_1726,SHIP,moral_evaluation,2
pope_1726,SHIP,scale_intensity,3
pope_1726,SKY,affect_state,4
pope_1726,SKY,appearance_age,2
pope_1726,SKY,behavior_disposition,4
pope_1726,SKY,color_hue,3
pope_1726,SKY,color_material,3
pope_1726,SKY,luminosity,5
pope_1726,SKY,moral_evaluation,18
pope_1726,SKY,scale_intensity,13
pope_1726,SORROW,affect_state,3
pope_1726,SORROW,appearance_age,3
pope_1726,SORROW,behavior_disposition,3
pope_1726,SORROW,color_hue,2
pope_1726,SORROW,moral_evaluation,7
pope_1726,SORROW,scale_intensity,10
pope_1726,SORROW,social_status,4
pope_1726,SPEAR,behavior_disposition,2
pope_1726,SPEAR,luminosity,6
pope_1726,SPEAR,scale_intensity,3
pope_1726,SPEECH,affect_state,4
pope_1726,SPEECH,behavior_disposition,4
pope_1726,SPEECH,cognitive_evaluation,4
pope_1726,SPEECH,moral_evaluation,10
pope_1726,SPEECH,scale_intensity,4
pope_1726,STORM,affect_state,5
pope_1726,STORM,appearance_age,2
pope_1726,STORM,moral_evaluation,3
pope_1726,STORM,scale_intensity,3
pope_1726,STORM,social_status,3
pope_1726,SUN,behavior_disposition,2
pope_1726,SUN,color_hue,3
pope_1726,SUN,scale_intensity,2
pope_1726,SWORD,agency_capacity,2
pope_1726,SWORD,luminosity,5
pope_1726,TELEMACHUS,affect_state,3
pope_1726,TELEMACHUS,agency_capacity,4
pope_1726,TELEMACHUS,appearance_age,18
pope_1726,TELEMACHUS,behavior_disposition,6
pope_1726,TELEMACHUS,cognitive_evaluation,4
pope_1726,TELEMACHUS,color_hue,4
pope_1726,TELEMACHUS,color_material,7
pope_1726,TELEMACHUS,luminosity,3
pope_1726,TELEMACHUS,moral_evaluation,13
pope_1726,TELEMACHUS,scale_intensity,12
pope_1726,TELEMACHUS,social_status,4
pope_1726,TROY,scale_intensity,2
pope_1726,WAR,affect_state,4
pope_1726,WAR,appearance_age,3
pope_1726,WAR,behavior_disposition,2
pope_1726,WAR,scale_intensity,4
pope_1726,WINE,behavior_disposition,5
pope_1726,WINE,color_complex,10
pope_1726,WINE,luminosity,2
pope_1726,WINE,moral_evaluation,5
pope_1726,WINE,scale_intensity,5
pope_1726,ZEUS,affect_state,7
pope_1726,ZEUS,agency_capacity,5
pope_1726,ZEUS,appearance_age,17
pope_1726,ZEUS,behavior_disposition,23
pope_1726,ZEUS,cognitive_evaluation,5
pope_1726,ZEUS,color_hue,12
pope_1726,ZEUS,color_material,8
pope_1726,ZEUS,luminosity,12
pope_1726,ZEUS,moral_evaluation,30
pope_1726,ZEUS,scale_intensity,41
pope_1726,ZEUS,social_status,5
